id,domain,status,purchase_price,renewal_price,attractiveness,demand,length,registrar,created_at,expires_at,status_verified_at
60078282-32bb-4094-9b0d-d26040ba33fe,nearing.capital,available,5.57,59.07,medium,low,7,dynadot,,,01/10/2026 17:44
2364fe5b-ac00-45aa-bd6e-34310484f7d1,buccal.capital,available,8.98,89.98,medium,low,6,namecheap,,,11/08/2026 07:27
8813832c-45f4-4334-a044-445a132f1093,streamer.capital,available,8.98,89.98,high,low,8,namecheap,,,08/08/2026 13:57
f12180df-7fbc-4de9-8cbb-c527a009f55f,nocent.capital,available,8.98,89.98,medium,low,6,namecheap,,,03/09/2026 18:02
e7a7c5de-a5f9-4a7c-910a-c85fd266b6fc,agitating.capital,available,8.98,89.98,medium,low,9,namecheap,,,
3cbb7866-bf7d-4da1-a415-e9082f000285,prosecute.capital,available,8.98,89.98,high,low,9,namecheap,,,29/09/2026 20:42
8b473cbb-fb53-48e3-a070-d88a23901f5e,utilised.capital,available,8.98,89.98,medium,low,8,namecheap,,,13/09/2026 00:07
2fa3b047-b1ec-4fd6-8209-fa12cffc1210,volumes.capital,available,7.96,57.13,medium,low,7,spaceship,,,29/09/2026 17:06
3b0a70d2-e49f-4463-aa56-27dcd3bb221c,annotation.capital,available,10.99,71.99,high,low,10,namesilo,,,19/09/2026 10:38
61bb1158-fd26-4861-8521-1cf6999c9462,squeezing.capital,available,10.99,71.99,high,low,9,namesilo,,,30/09/2026 18:49
074b30ef-2171-41c8-af1c-fdbb473cf093,apologies.capital,available,10.99,71.99,high,low,9,namesilo,,,29/09/2026 03:19
7651813c-58cc-488d-8c41-2c64cf155412,maastricht.capital,available,7.96,57.13,medium,low,10,spaceship,,,29/09/2026 22:00
cbb8467a-1612-40e4-aaeb-8d3a4da4f402,pram.capital,available,10.99,71.99,high,low,4,namesilo,,,21/09/2026 13:20
af8cd436-58a5-4355-a1a4-d828d47a7a45,mackay.capital,available,10.99,71.99,medium,low,6,namesilo,,,25/09/2026 16:20
4d7458da-435c-4a61-9c14-4a042a105ca7,jenna.capital,available,10.99,71.99,medium,low,5,namesilo,,,29/09/2026 04:01
05fd203c-67b2-4815-be21-b49540943553,frumpy.capital,available,8.98,89.98,medium,low,6,namecheap,,,18/08/2026 17:06
6dfa7446-3c01-4919-8a3e-ec3cd71b8bf9,atheism.capital,available,8.98,89.98,medium,low,7,namecheap,,,20/09/2026 20:31
e6b4cc80-61df-4381-9704-de2a461e0cb4,zonary.capital,available,8.98,89.98,medium,low,6,namecheap,,,13/09/2026 15:31
7a1da263-7fec-40b2-9174-205a7911c176,jadestone.capital,available,8.98,89.98,medium,low,9,namecheap,,,22/08/2026 11:54
35d5d064-cd13-46ca-a58b-5e6261a73fee,mixologist.capital,available,10.99,71.99,medium,low,10,namesilo,,,22/09/2026 06:27
dfd09dae-5c60-4f7e-be93-5895f5ec63aa,clunk.capital,available,8.98,89.98,medium,low,5,namecheap,,,11/09/2026 15:10
710d0121-b747-49ce-b6c5-6ed20632adda,gautama.capital,available,10.99,71.99,medium,low,7,namesilo,,,02/10/2026 14:29
12729a8d-4983-441c-9c1a-a8fcd2bc5b16,amah.capital,available,10.99,71.99,medium,low,4,namesilo,,,18/09/2026 15:37
d675436a-f7c1-4d36-b494-cc5087582817,saintly.capital,available,8.98,89.98,high,low,7,namecheap,,,
1aff84bb-ca28-482c-a55c-447ca01c6f42,bareboat.capital,available,8.98,89.98,medium,low,8,namecheap,,,22/09/2026 05:23
f4523f8f-a21b-4a6c-baa0-b115a710055a,pliable.capital,available,10.99,71.99,medium,low,7,namesilo,,,19/09/2026 14:13
2c42d0b7-c9ff-4a18-9918-d3db2da2ae9c,strikingly.capital,available,9.99,92.99,high,low,10,name.com,,,16/09/2026 07:22
33f07ad7-ca56-4657-8d5c-b7b569394d4f,pall.capital,available,8.98,89.98,medium,low,4,namecheap,,,22/08/2026 11:56
6ba344d5-4bdb-42a8-92c8-999180552753,stemless.capital,available,8.98,89.98,medium,low,8,namecheap,,,
4de5f3e1-7a7b-4dbc-a5ad-0bf81c60630b,professionals.capital,available,7.96,57.13,medium,low,13,spaceship,,,28/09/2026 12:40
a67b08ff-0313-4e5a-bf7d-7e70fa7604dc,chant.capital,available,8.98,89.98,high,low,5,namecheap,,,24/09/2026 13:41
d252d2fd-cab9-48ea-9171-5214cd52da9d,rossini.capital,available,55.2,55.2,high,low,7,cloudflare,,,30/09/2026 01:46
d000825b-8465-410c-9e7b-8ec10f584be5,acinose.capital,available,8.98,89.98,medium,low,7,namecheap,,,
7ec0514f-c0cd-42d8-a047-993efd089d24,tenfold.capital,resell,,,high,low,7,Dynadot Inc,23/04/2026 13:51,23/04/2027 13:51,26/09/2026 09:33
0383e86d-6bf8-4936-817a-cab0b2defe1a,repellent.capital,available,8.98,89.98,medium,low,9,namecheap,,,14/08/2026 10:39
0cc84119-eedc-4508-90c8-fadf15ddb297,onymous.capital,available,8.98,89.98,medium,low,7,namecheap,,,04/09/2026 15:26
45c32272-b932-4e02-86b0-be48ef59354a,philosophy.capital,available,10.99,71.99,high,low,10,namesilo,,,27/09/2026 13:03
b5c51cb1-c362-4d7b-83d9-ce154f89f873,grave.capital,available,8.98,89.98,high,low,5,namecheap,,,20/08/2026 18:38
5ec125f7-b8f6-4955-b8f8-c7c90b4b3f2c,depress.capital,available,7.96,57.13,high,low,7,spaceship,,,29/09/2026 15:56
9bd703e9-3940-4566-9cae-16b60a104df0,ouachita.capital,available,5.66,57.16,medium,low,8,porkbun,,,30/09/2026 10:40
e491788c-679d-414d-94cd-7f5abd6bcd4b,bakelite.capital,available,8.98,89.98,medium,low,8,namecheap,,,21/09/2026 20:15
d78daac4-c2f8-44b3-8d5d-28a4119b71e7,cardiology.capital,available,7.96,57.13,high,low,10,spaceship,,,02/10/2026 23:52
f5587f22-fb84-4f6c-b3eb-5fad403186dd,miao.capital,available,8.98,89.98,high,low,4,namecheap,,,21/08/2026 10:03
a546f92f-c07f-408d-8ea2-afadabe96ec7,assume.capital,available,10.99,71.99,high,low,6,namesilo,,,27/09/2026 08:58
6f3636d4-c4ad-4dd7-b3a8-626436bc9b5b,blending.capital,available,10.99,71.99,high,low,8,namesilo,,,24/09/2026 05:51
cfa30d4f-6fb5-4cfc-961c-01f1b3d95326,stressful.capital,available,8.98,89.98,medium,low,9,namecheap,,,03/09/2026 15:42
80ec7427-6093-4636-9cca-ac76edb8d98e,watchful.capital,available,8.98,89.98,high,low,8,namecheap,,,
2e6c7571-b26b-4b8e-a5a6-1435374a03ea,sunless.capital,available,8.98,89.98,medium,low,7,namecheap,,,12/08/2026 12:31
5e19d85b-4d0c-4552-b07d-1e4c3ff8bfad,ein.capital,available,10.99,71.99,high,low,3,namesilo,,,26/09/2026 03:08
d3dc0890-3839-4011-a976-a9d5f5a71595,fragrance.capital,available,7.96,57.13,high,low,9,spaceship,,,29/09/2026 18:57
f23cafed-9341-4b6c-91aa-dc3cb55c848b,corrective.capital,available,8.98,89.98,high,low,10,namecheap,,,23/09/2026 23:46
1ced2b40-e530-4f80-bfe6-d1313e38bf49,refulgent.capital,available,8.98,89.98,medium,low,9,namecheap,,,15/08/2026 16:26
8cd77943-a15a-45cb-9363-a1064e647d7d,flipping.capital,available,8.98,89.98,high,low,8,namecheap,,,17/09/2026 18:25
801b5fea-ff89-4313-8659-d4925db95c24,reticulate.capital,available,8.98,89.98,high,low,10,namecheap,,,09/09/2026 15:32
452faa16-5ab0-4f7a-8973-02ef3db5544c,trusted.capital,resell,,,high,medium,7,"Sav.com, LLC - 1",09/06/2026 15:15,09/06/2027 15:15,02/10/2026 11:46
53a988b9-ad8a-4339-bf02-b3dc50a95930,anode.capital,available,10.99,71.99,high,low,5,namesilo,,,19/09/2026 11:14
ee365882-0c88-4403-a30c-e42aee502103,honeycomb.capital,resell,,,high,low,9,,,,02/10/2026 05:20
7ae744a7-7cc0-43f7-815e-4573d57840ae,untilled.capital,available,8.98,89.98,medium,low,8,namecheap,,,12/09/2026 21:24
d9d892b1-76d4-44eb-8be7-41bee36fbda1,appanage.capital,available,10.99,71.99,high,low,8,namesilo,,,19/09/2026 16:11
f904b4c5-b763-4b67-ac8d-085e8ec8a9eb,nickel.capital,available,8.98,89.98,high,low,6,namecheap,,,20/09/2026 22:42
f22f77c7-4c7f-4396-a816-48c8559d46b7,pendulous.capital,available,8.98,89.98,medium,low,9,namecheap,,,12/08/2026 00:50
5af874aa-835f-4258-a56f-c81f9c057c3a,winifred.capital,available,5.57,59.07,medium,low,8,dynadot,,,28/09/2026 21:52
9ffe9f87-c3e1-4d53-a5ea-c8735d417b2b,abjuration.capital,available,10.99,71.99,medium,low,10,namesilo,,,16/09/2026 15:59
1720e610-bef5-44b4-ba76-d4ec970505c6,acetyl.capital,available,10.99,71.99,medium,low,6,namesilo,,,17/09/2026 00:19
3f7a12c2-e64f-49ee-8f0c-f6751b85b1e8,legislator.capital,available,10.99,71.99,high,low,10,namesilo,,,02/10/2026 15:55
96259654-d8a3-43e0-aaff-6acaed033bd5,pune.capital,available,10.99,71.99,medium,low,4,namesilo,,,30/09/2026 12:49
2942ee1c-fa87-46d1-b320-7568284b87b4,indanger.capital,available,9.99,,medium,low,9,name.com,,,
e4e22c25-f7fe-40dc-a480-d07b718389ce,fink.capital,available,8.98,89.98,high,medium,4,namecheap,,,11/08/2026 16:11
de4c5bb9-e457-43e8-9282-cf87864b3052,annotated.capital,available,7.96,57.13,high,low,9,spaceship,,,02/10/2026 01:13
eca8990b-80f1-4f35-90fe-e3442e8dfc5a,cholera.capital,available,8.98,89.98,medium,low,7,namecheap,,,20/09/2026 14:08
e66738cc-a4fb-4739-b2ff-b038c340798f,shadowy.capital,available,8.98,89.98,medium,low,7,namecheap,,,10/09/2026 05:28
cd6c8e35-ede3-4645-a082-ce291ca0aaef,mild.capital,available,8.98,89.98,high,low,4,namecheap,,,25/09/2026 18:55
fc959ece-d470-4e89-a4a5-ccb6c51485a7,shrugs.capital,available,10.99,71.99,medium,low,6,namesilo,,,20/09/2026 12:14
847e2d98-7223-4a5c-a212-8a41ffd5d563,amalgamate.capital,available,8.98,89.98,high,low,10,namecheap,,,22/09/2026 03:01
a1a8e36d-6f54-4dc0-9330-88e375547d46,wading.capital,available,7.96,57.13,medium,low,6,spaceship,,,03/10/2026 02:21
ee9fb1a7-4686-438c-8007-0e2006e28956,embroidery.capital,available,10.99,71.99,high,low,10,namesilo,,,01/10/2026 01:51
4eb774a1-ef9c-4b0e-a70a-e187d2bb4f03,unveiling.capital,available,55.2,55.2,high,low,9,cloudflare,,,30/09/2026 16:57
ace0c3a2-4b67-44fd-b331-4b3dfc48cf55,gastronome.capital,available,8.98,89.98,high,low,10,namecheap,,,17/08/2026 10:44
7b7034d0-f671-4988-b8d7-3b888f3ed749,crease.capital,available,8.98,89.98,high,low,6,namecheap,,,13/08/2026 07:14
7be52604-307d-4e82-acbf-e53e6302f7f2,colfax.capital,available,10.99,71.99,medium,low,6,namesilo,,,30/09/2026 13:56
425a46e2-05eb-45e8-b9c8-88d9a8f6d595,destined.capital,available,10.99,71.99,high,low,8,namesilo,,,24/09/2026 06:55
ee44e1f1-3ea8-4fe7-9303-40082e7b66bf,wordplay.capital,available,5.57,59.07,high,low,9,dynadot,,,02/10/2026 15:59
c6f8e6b4-a58a-43ca-aad4-a8a5d6e869a7,agastache.capital,available,8.98,89.98,medium,low,9,namecheap,,,17/09/2026 16:24
15524ef9-d90c-44d3-bbd8-d786b1dbbec5,ill.capital,premium,118.8,118.8,high,low,3,namesilo,,,25/09/2026 07:33
c97a8eae-5423-4482-a71e-c586ff2e75b4,periodic.capital,available,8.98,89.98,medium,low,8,namecheap,,,08/09/2026 17:11
637cfe7f-e730-4ef9-a40a-480fc8b3281a,extempore.capital,available,8.98,89.98,medium,low,9,namecheap,,,
26e55f0c-e4eb-4618-a456-be3258e05a87,nurse.capital,resell,9.99,,high,low,5,name.com,,,29/09/2026 22:12
cdef3251-1961-4520-8b51-e326ee11fa5e,accusation.capital,available,8.98,89.98,medium,low,10,namecheap,,,28/09/2026 17:30
abc5ce14-494c-49e8-9132-8def1e59fea0,sperm.capital,available,10.99,71.99,high,low,5,namesilo,,,30/09/2026 11:38
ee4efd0d-ed67-440a-acd3-701f7ecf3f9c,amuck.capital,available,8.98,89.98,medium,low,5,namecheap,,,
d9ae684d-20db-4da8-9b88-716687fa6a7e,mandy.capital,available,7.96,57.13,medium,low,5,spaceship,,,28/09/2026 17:34
7a5c7116-a10f-438f-97f5-86104e98a208,gorilla.capital,resell,,,high,low,7,,,,28/09/2026 14:20
031940a1-60ab-43af-b841-68ddd7b38a01,conan.capital,available,10.99,71.99,medium,low,5,namesilo,,,28/09/2026 07:59
e6675e8e-8f98-471c-8bec-81fb18020e19,asklepios.capital,available,10.99,71.99,medium,low,9,namesilo,,,17/09/2026 13:21
97dc2a46-cb13-4084-b589-3e1641973623,monkfish.capital,available,10.99,71.99,medium,low,8,namesilo,,,18/09/2026 11:42
6df503b7-b1ed-453b-84ca-cbbbc7b028d7,thoroughbred.capital,available,7.96,57.13,high,low,12,spaceship,,,01/10/2026 05:36
29e7eca7-3b6c-4fd7-8bdf-27acb6ee032d,breeder.capital,available,14.99,121.99,high,low,7,godaddy,,,01/10/2026 01:11
0996d4a6-42a9-43ee-b025-be7e59b15af2,eyck.capital,available,7.96,57.13,high,low,4,spaceship,,,01/10/2026 19:31
8dadc085-51d2-44e4-bbf2-b3ca34d80f31,airspace.capital,available,10.99,71.99,high,low,8,namesilo,,,17/09/2026 22:49
f3051c59-a102-4ad8-929b-ce16b9db4473,fiddler.capital,available,55.2,55.2,high,low,7,cloudflare,,,01/10/2026 02:09
1717529f-1df2-4be3-a3a2-0b3f0705d032,peopled.capital,available,8.98,89.98,medium,low,7,namecheap,,,08/09/2026 15:32
d5dca3f0-5b77-4a3b-932c-04ae3e6cd5ed,hmong.capital,available,8.98,89.98,high,low,5,namecheap,,,21/08/2026 10:02
c9db6e75-fa92-4503-917f-b8925f4098be,unleashed.capital,available,5.66,57.16,high,low,9,porkbun,,,30/09/2026 16:26
7f3acc20-d704-48a8-893f-9e413bc93c4a,unseasoned.capital,available,8.98,89.98,medium,low,10,namecheap,,,12/09/2026 18:46
13f8104a-3f1d-4a62-8d9b-d993a5377a22,wily.capital,available,8.98,89.98,medium,low,4,namecheap,,,13/08/2026 04:38
ad14ff9a-f31d-429c-838e-01f587ee3388,holler.capital,available,10.99,71.99,high,low,6,namesilo,,,23/09/2026 00:27
db4a095a-db31-4f9c-b398-b7e9fefe358d,ailey.capital,available,8.98,89.98,high,low,5,namecheap,,,17/09/2026 21:12
80693927-fa8c-48df-a83d-5dccafc3f8af,radioed.capital,available,10.99,71.99,medium,low,7,namesilo,,,20/09/2026 15:44
96a22459-dcba-4d14-b20f-59d70b482598,congenial.capital,available,8.98,89.98,medium,low,9,namecheap,,,12/08/2026 21:38
fbee9c7e-f525-4bb2-be2d-1b749ffa725f,mashhad.capital,available,8.98,89.98,medium,low,7,namecheap,,,24/08/2026 20:59
b156bfe8-b2e5-4002-9de4-e49d87b39766,expressway.capital,available,5.57,59.07,high,low,10,dynadot,,,30/09/2026 17:16
e90f2f2e-b82c-4c06-90c7-a272fb9057a7,chaldea.capital,available,10.99,71.99,medium,low,7,namesilo,,,21/09/2026 13:52
52487709-d588-47d5-8bde-6dc784524317,bonk.capital,resell,,,medium,low,4,Dynadot Inc,12/05/2026 14:30,12/05/2027 14:30,26/09/2026 04:32
6b5346af-096c-42f9-80b0-b290d8e6f161,ulnar.capital,available,8.98,89.98,medium,low,5,namecheap,,,11/09/2026 22:45
3122161e-780d-454a-be0b-a406883c77b4,candied.capital,available,8.98,89.98,medium,low,7,namecheap,,,11/08/2026 16:48
7dc63a47-ecf2-4ba4-a3d3-6d33a685de2f,phantasmal.capital,available,8.98,89.98,medium,low,10,namecheap,,,06/08/2026 05:33
6a4ee186-2c4e-43dd-98e1-1fd1c71f2036,precarious.capital,available,8.98,89.98,medium,low,10,namecheap,,,08/09/2026 01:44
370bf84f-8590-4933-a221-2c252a466038,story.capital,resell,,,high,medium,5,Edomains LLC,21/04/2023 15:15,21/04/2027 15:15,26/09/2026 09:20
bd3da3f6-1aa6-44dc-9ca4-40926d4ba664,curry.capital,available,7.96,57.13,high,low,5,spaceship,,,29/09/2026 13:07
138ac1c2-aada-4001-b98c-fd8ad41e3a71,stuyvesant.capital,available,7.96,57.13,high,low,10,spaceship,,,29/09/2026 19:58
15e446a4-cc00-413e-b27a-6de6a900798d,incapable.capital,available,8.98,89.98,medium,low,9,namecheap,,,22/08/2026 00:49
4a0cdc39-aaca-4c85-8c6e-f82733171d03,derived.capital,available,8.98,89.98,medium,low,7,namecheap,,,14/08/2026 03:07
440301a2-bb90-463e-b4f8-fc8b8b0fe7da,rabbits.capital,available,10.99,71.99,medium,low,7,namesilo,,,28/09/2026 05:05
fa55066e-5715-480a-bf71-41a09eae9075,rapping.capital,available,7.96,57.13,high,low,7,spaceship,,,03/10/2026 03:01
a8494c1e-c1d2-49ee-a82c-9471eb1f9295,deals.capital,premium,78.54,78.54,high,low,5,namesilo,,,27/09/2026 10:04
9f98616c-ad7d-4c9d-b71b-52b936d9c1f9,paula.capital,available,8.98,89.98,high,low,5,namecheap,,,25/09/2026 14:33
44b10b19-1d23-468b-a71a-686f2f9af4c8,isentropic.capital,available,8.98,89.98,medium,low,10,namecheap,,,22/08/2026 10:44
51f2c852-8ad1-4407-99cd-8f3496128227,burgers.capital,available,10.99,71.99,medium,low,7,namesilo,,,30/09/2026 07:46
445acf6e-f06f-4d99-9133-2ffbaaf76f88,sandusky.capital,available,5.66,57.16,medium,low,8,porkbun,,,28/09/2026 22:26
7385f04b-5b05-48ff-9429-653a04474ad7,prank.capital,available,10.99,71.99,high,low,5,namesilo,,,22/09/2026 06:23
072d1694-9ec1-4a32-91d7-2a2b5a35c6e9,assailant.capital,available,10.99,71.99,medium,low,9,namesilo,,,17/09/2026 17:42
3f69e4a5-ed01-4b4c-be92-6be0ced0f6f6,examine.capital,available,5.66,57.16,high,low,7,porkbun,,,30/09/2026 07:28
ed06632c-80bb-479d-bf20-fa04658ed2d5,whereabouts.capital,available,5.57,59.07,high,low,11,dynadot,,,02/10/2026 17:16
91d69b84-d08c-445d-9491-bb18a5bb3c34,prototypic.capital,available,8.98,89.98,medium,low,10,namecheap,,,06/08/2026 15:42
c90a62f6-66e2-4c53-b2fd-580b426dae6d,wavelike.capital,available,8.98,89.98,medium,low,8,namecheap,,,13/08/2026 06:56
3aac8632-d470-4681-a836-b03249b56d64,misplaced.capital,available,8.98,89.98,medium,low,9,namecheap,,,25/08/2026 01:32
58cd6f96-f0d0-44da-979b-81d0c89b0f95,passerine.capital,available,8.98,89.98,medium,low,9,namecheap,,,08/09/2026 02:29
a33b5221-db44-46b8-a974-d157cab226a2,mouthcare.capital,available,9.99,,medium,low,9,name.com,,,
ff9d37fb-bdfb-4e52-b219-271676114f06,culinary.capital,available,8.98,89.98,high,low,8,namecheap,,,19/09/2026 15:04
c5ef1a2b-4584-4668-b9dc-2221bc08fe76,byu.capital,available,55.2,55.2,medium,low,3,cloudflare,,,29/09/2026 15:54
b48e1e1f-7c5d-44a1-87cf-a0298bbf25e8,dickerson.capital,available,10.99,71.99,medium,low,9,namesilo,,,29/09/2026 09:51
2514a908-42ca-4dde-8ae2-bb3d08455981,inconvenient.capital,available,7.96,57.13,medium,low,12,spaceship,,,01/10/2026 05:50
e2ea5c26-e35b-4ee8-83ee-b697ed25ad24,effected.capital,available,8.98,89.98,medium,low,8,namecheap,,,15/08/2026 14:18
d2b55cff-8b8a-478e-81f3-0a3e60cee654,puppy.capital,available,55.2,55.2,high,low,5,cloudflare,,,27/09/2026 15:27
dc287dc0-5fa9-40f1-bec2-3327e08fb842,perot.capital,available,10.99,71.99,medium,low,5,namesilo,,,01/10/2026 15:27
119ab2a7-4937-4b6a-80c7-e5443d5bd51a,looming.capital,available,10.99,71.99,medium,low,7,namesilo,,,03/10/2026 03:25
ae079eae-4ccd-4193-8279-91d4a228a82f,baking.capital,available,10.99,71.99,high,low,6,namesilo,,,22/09/2026 16:25
4ded31f9-6467-4ae5-932b-71f3b48585b5,adducent.capital,available,8.98,89.98,medium,low,8,namecheap,,,
9bc8ea02-dcfa-45d8-be7a-01b3e6041918,wasnt.capital,available,7.96,57.13,low,low,5,spaceship,,,02/10/2026 04:19
6c361b8a-dcb0-4f4e-a5d6-cb14ab0050dc,fatally.capital,available,8.98,89.98,medium,low,7,namecheap,,,14/09/2026 17:51
f25607b7-ce83-468a-88f6-96eb47766f52,royalties.capital,available,8.98,89.98,medium,low,9,namecheap,,,18/09/2026 03:27
03752387-7cc1-44b0-93e6-950c0310a12d,virginal.capital,available,8.98,89.98,high,low,8,namecheap,,,13/09/2026 05:57
f83a5e67-510e-4746-9926-e5834e6edf79,cesium.capital,available,10.99,71.99,medium,low,6,namesilo,,,20/09/2026 23:15
a7e1ef84-372f-4594-b6b6-b453cc44eb2c,symbolism.capital,available,10.99,71.99,high,low,9,namesilo,,,30/09/2026 03:00
61e081ca-aaa4-4f8c-ac47-060cfb2bd43d,lint.capital,resell,,,medium,low,4,,,,02/10/2026 15:59
f8cabdb6-74b1-4b72-b5b7-b45ad05b4496,telephonic.capital,available,8.98,89.98,medium,low,10,namecheap,,,11/09/2026 10:20
2d3cda8e-c12c-4050-8b44-50eb04238572,lapsed.capital,available,8.98,89.98,medium,low,6,namecheap,,,22/08/2026 19:47
1b7271f4-2fc5-4482-a251-d044f46f0ab5,microbiology.capital,available,10.99,71.99,medium,low,12,namesilo,,,02/10/2026 11:38
0e5b2ffa-7973-40fa-a0cd-c37ee8edd562,chet.capital,available,7.96,57.13,high,low,4,spaceship,,,29/09/2026 03:38
be06b7e8-b1c3-45b5-a1a1-8958d3c3ff93,homework.capital,available,7.96,57.13,high,low,8,spaceship,,,28/09/2026 06:00
cf28cd73-dcde-466c-b6c1-026d5bd548e4,agee.capital,available,10.99,71.99,medium,low,4,namesilo,,,17/09/2026 16:52
5089e8b6-691b-407c-b7d4-58d1d3fac245,pertinence.capital,available,10.99,71.99,medium,low,10,namesilo,,,19/09/2026 21:52
755c882a-49df-4601-85b4-bed199a06be8,lighterman.capital,available,10.99,71.99,medium,low,10,namesilo,,,22/09/2026 05:46
20d15844-7d0c-488d-af6d-d1342a21042d,flattered.capital,available,55.2,55.2,high,low,9,cloudflare,,,29/09/2026 14:41
3f1da6c2-1951-4602-9066-b103a9423d2b,zoomed.capital,available,10.99,71.99,medium,low,6,namesilo,,,18/09/2026 03:48
1ce279f8-689d-46c4-8fe1-b1b470779f41,westbrook.capital,available,7.96,57.13,medium,low,9,spaceship,,,29/09/2026 04:08
fe5814c6-e1fa-496b-834b-b6e6fff2bc60,whiff.capital,available,8.98,89.98,high,low,5,namecheap,,,09/09/2026 05:39
08fedf0c-40de-4ad2-af98-963f54dbed20,ebenezer.capital,available,55.2,55.2,high,low,8,cloudflare,,,30/09/2026 20:11
3f6c1a3a-eb15-4f5e-9284-b87c6eabd512,monaghan.capital,available,55.2,55.2,medium,low,8,cloudflare,,,29/09/2026 17:52
dae07901-8d64-4e59-bb77-4f262683c364,harsh.capital,available,8.98,89.98,medium,low,5,namecheap,,,12/08/2026 13:58
9eaff1e2-2ef5-4870-8d78-a3ebc4857b43,ungodly.capital,available,8.98,89.98,medium,low,7,namecheap,,,22/08/2026 05:29
a80fc4de-39ff-46e0-908d-de775c69cf8c,laval.capital,available,7.96,57.13,medium,low,5,spaceship,,,28/09/2026 05:09
35d2a633-336b-456a-b06f-0339496c1967,cicero.capital,resell,,,high,low,6,,,,29/09/2026 18:19
8f08e7e8-ac67-4271-9f81-b415ef638d4c,orb.capital,resell,,,high,low,3,,,,01/10/2026 01:59
86e4cc22-c7a2-4ab7-b44f-e03924b95ff8,longing.capital,available,5.57,59.07,medium,low,7,dynadot,,,28/09/2026 19:43
0a5a0ebf-5902-4d6c-8b9d-74469140c37b,carton.capital,available,10.99,71.99,high,low,6,namesilo,,,30/09/2026 08:58
6eb80102-da32-4c0a-98e2-a3ffea10a7ed,noted.capital,available,8.98,89.98,high,low,5,namecheap,,,11/08/2026 23:17
8e09c51a-da83-4e16-9910-3e226e526d5e,parenteral.capital,available,8.98,89.98,medium,low,10,namecheap,,,08/09/2026 01:19
4791fa6c-06a4-48a6-902b-bb45cc5512f4,shaanxi.capital,available,10.99,71.99,high,low,7,namesilo,,,30/09/2026 13:24
36fdd7e9-348b-4127-a757-34713a89cf4c,armoured.capital,available,8.98,89.98,high,low,8,namecheap,,,06/08/2026 20:10
d172161c-9dbd-4266-a9b8-1eaace683f6c,unfree.capital,available,8.98,89.98,medium,low,6,namecheap,,,12/09/2026 10:43
20472042-f9c1-4df4-81c1-ce201584dbd4,hargreaves.capital,available,7.96,57.13,medium,low,10,spaceship,,,01/10/2026 19:56
d08829e6-da5a-43ec-bbb0-10c42d7e5453,restriction.capital,available,55.2,55.2,high,low,11,cloudflare,,,03/10/2026 01:00
7860770b-7fe7-44aa-9ac7-69a5d791ea2a,predicting.capital,resell,,,high,low,10,,,,01/10/2026 23:05
1e63a7fc-71ec-410d-b6da-79dde3af334c,noisome.capital,available,8.98,89.98,medium,low,7,namecheap,,,18/08/2026 02:29
91477f53-bb46-48e0-82ce-e5135cd35a83,moonlike.capital,available,8.98,89.98,medium,low,8,namecheap,,,25/08/2026 05:49
dc882244-b7da-42c0-a5f4-41bbc9962071,jilted.capital,available,8.98,89.98,medium,low,6,namecheap,,,22/08/2026 13:23
01d30514-67ae-4ce9-96eb-d69c18596408,vulcan.capital,resell,,,high,low,6,,,,29/09/2026 20:36
fd5f6490-ac38-4ce3-b34c-ec02175be7fb,rotated.capital,available,7.96,57.13,medium,low,7,spaceship,,,27/09/2026 14:36
5142a447-397f-440e-8e67-a7dfa863f596,decoders.capital,available,10.99,71.99,medium,low,8,namesilo,,,20/09/2026 07:41
e9d469bf-d1d9-49b3-92b7-ca31c556a143,younger.capital,available,10.99,71.99,high,low,7,namesilo,,,25/09/2026 12:10
3e0d7cf0-9cee-4b59-9a5c-45b862a466da,hamburger.capital,available,5.57,59.07,high,low,9,dynadot,,,29/09/2026 01:50
c17d2167-91a6-4158-9a16-3caca6392b5e,maldon.capital,available,8.98,89.98,medium,low,6,namecheap,,,22/09/2026 15:25
608f6240-4bf6-4a7a-bc9a-61f438295f68,hailey.capital,available,7.96,57.13,medium,low,6,spaceship,,,02/10/2026 23:22
8d89c479-0899-4dfb-b0d0-5b9a2c006fcf,tired.capital,available,8.98,89.98,medium,low,5,namecheap,,,22/09/2026 16:41
913e6407-df02-4bd9-aa86-b5b2b5b644dd,agendum.capital,available,10.99,71.99,medium,low,7,namesilo,,,17/09/2026 17:05
3f4d5b4e-41ad-46bb-ab80-4f96bb84e6b8,cuny.capital,available,10.99,71.99,medium,low,4,namesilo,,,01/10/2026 06:47
fdb8f2a8-54d6-441d-abb4-4602f791ddb6,macleod.capital,available,14.99,121.99,medium,low,7,godaddy,,,28/09/2026 02:12
2cecc63c-7bb7-4c9e-9250-4f8a92913441,ginny.capital,available,55.2,55.2,high,low,5,cloudflare,,,02/10/2026 18:21
6b1ae905-7436-4fb1-a83d-a1c350b40eb0,vilnius.capital,available,5.57,59.07,high,low,7,dynadot,,,28/09/2026 18:34
731c13fc-39a0-4cb0-93db-e3c8d3e529b3,bosses.capital,available,10.99,71.99,medium,low,6,namesilo,,,18/09/2026 05:55
6188d5af-acbd-4a4c-afb2-eb1ded5a7566,knuckle.capital,available,10.99,71.99,high,low,7,namesilo,,,02/10/2026 05:33
cc00ea1d-0c21-4e6d-bd9d-be5e6e348736,reputably.capital,available,8.98,89.98,medium,low,9,namecheap,,,15/09/2026 23:17
22ba1a4f-d784-4251-b1b8-98e0c3be6feb,wallis.capital,available,10.99,71.99,medium,low,6,namesilo,,,27/09/2026 07:14
a1936060-f9af-45fc-97a3-f57d7c406e0d,sectioned.capital,available,8.98,89.98,medium,low,9,namecheap,,,10/09/2026 01:20
19e770cb-7b87-4da1-a3cd-75ce37391ea7,hoax.capital,available,14.99,121.99,high,low,4,godaddy,,,30/09/2026 01:25
b18a9c8d-cbf9-41ba-b2b3-f99ca256c7a4,restitution.capital,available,10.99,71.99,high,low,11,namesilo,,,02/10/2026 21:42
4a3f7637-b983-4397-8c72-ae65e78664bb,hopeless.capital,available,8.98,89.98,medium,low,8,namecheap,,,21/08/2026 13:54
52870927-81b3-40cf-a0a3-dedca7a5c2e0,persepolis.capital,available,5.66,57.16,high,low,10,porkbun,,,02/10/2026 06:04
4d62a57f-29d6-4281-a6e6-db20090f77de,pinked.capital,available,10.99,71.99,low,low,6,namesilo,,,20/09/2026 15:51
cfcb7b4f-b448-491a-9e88-76623ebdec9d,solidarity.capital,resell,,,high,low,10,,,,30/09/2026 02:56
68c9827d-759b-49ff-984c-d94e395eaacb,allemande.capital,available,10.99,71.99,medium,low,9,namesilo,,,18/09/2026 10:46
653e64d3-668b-46b3-a297-56cf9f9fd046,publisher.capital,available,5.57,59.07,high,low,9,dynadot,,,28/09/2026 10:33
bc9aaa19-8d1c-421b-a0dd-a432e62c58f9,qasim.capital,available,10.99,71.99,medium,low,5,namesilo,,,02/10/2026 10:51
75c8462b-b8fc-454f-9422-a5e074be1fbf,jilin.capital,available,8.98,89.98,medium,low,5,namecheap,,,02/10/2026 19:29
90954657-85bc-41a7-ab27-cea14625bc99,wingless.capital,available,8.98,89.98,medium,low,8,namecheap,,,13/09/2026 12:31
aa355c43-c87e-4399-981c-9a8f8173bbe4,poverty.capital,available,7.96,57.13,medium,low,7,spaceship,,,29/09/2026 23:35
1c0fe91b-6c9e-44fc-a2a1-d578de56681b,acarpelous.capital,available,8.98,89.98,medium,low,10,namecheap,,,
54e10d63-5335-41d2-9169-561e95c12f01,aggregated.capital,available,8.98,89.98,high,low,10,namecheap,,,
1a43a88d-1c43-47f2-aec4-a9493996781b,bleep.capital,available,10.99,71.99,high,low,5,namesilo,,,23/09/2026 01:26
fe307a01-14c2-405d-b0e3-564856cf556e,creatively.capital,available,10.99,71.99,medium,low,10,namesilo,,,28/09/2026 14:25
4012b73a-1b92-43d5-b2be-342d4eed184d,sabotage.capital,available,5.66,57.16,medium,low,8,porkbun,,,28/09/2026 13:47
08f84ba3-66f3-41b6-b541-abab6e5498d2,inane.capital,available,8.98,89.98,medium,low,5,namecheap,,,07/08/2026 02:43
ef1edd17-e448-4752-b0ac-12d9c5040873,caption.capital,available,8.98,89.98,high,low,7,namecheap,,,24/09/2026 12:41
e42cbd65-7148-45ad-b5d8-d0d49c55575d,wieland.capital,available,7.96,57.13,medium,low,7,spaceship,,,03/10/2026 02:22
f23a6f8d-1422-4d29-a3ff-598360190ef9,giddings.capital,available,8.98,89.98,medium,low,8,namecheap,,,02/10/2026 20:55
860a1847-abbe-4017-a349-bb7f5a3da363,bugged.capital,available,10.99,71.99,medium,low,6,namesilo,,,23/09/2026 10:21
86e25fdb-659a-4c68-857c-a51db0359940,consented.capital,available,55.2,55.2,medium,low,9,cloudflare,,,02/10/2026 02:29
8cf21f9b-8ef8-42ff-ba33-4701968cf223,semiliquid.capital,available,8.98,89.98,medium,low,10,namecheap,,,10/09/2026 03:07
4836ef63-83ba-446d-8128-4e70edd739da,fascination.capital,available,55.2,55.2,high,low,11,cloudflare,,,29/09/2026 16:24
0675322e-b175-4106-9e41-5486d2fe5ebf,mervyn.capital,available,8.98,89.98,medium,low,6,namecheap,,,30/09/2026 20:52
cc044fdb-d798-450c-93f3-d30016b66666,sumner.capital,available,55.2,55.2,high,low,6,cloudflare,,,29/09/2026 08:10
5f1f665f-2ac3-4035-9359-4f55b053bcef,motivating.capital,available,8.98,89.98,high,low,10,namecheap,,,25/08/2026 07:36
a0aaecdb-1ace-4b6e-bce7-6cdd1f47dde7,autumnal.capital,available,8.98,89.98,medium,low,8,namecheap,,,07/08/2026 21:23
f60eb893-11e4-4875-8163-4b29498f5665,tir.capital,available,7.96,57.13,high,low,3,spaceship,,,03/10/2026 03:59
efabdee6-d90e-44bf-867f-7317d8f50ace,hilary.capital,available,7.96,57.13,medium,low,6,spaceship,,,28/09/2026 21:53
dc4d28dc-f6cb-4043-b6f6-e993b47a92f5,meditate.capital,available,10.99,71.99,high,low,8,namesilo,,,03/10/2026 01:39
1ac8f8c8-d83a-4b75-b83a-16d3d08685d5,internship.capital,available,5.57,59.07,high,low,10,dynadot,,,28/09/2026 10:09
ac9d1016-1af5-48f4-88b4-4f4eeee56f81,tottering.capital,available,8.98,89.98,medium,low,9,namecheap,,,11/09/2026 18:14
c9f3e433-8be5-4103-8387-11ff2df12202,affective.capital,available,8.98,89.98,high,low,9,namecheap,,,
9d5f744b-0ebb-4201-a63c-67cf9a4e9519,autobus.capital,available,8.98,89.98,medium,low,7,namecheap,,,21/09/2026 05:51
5851460f-2134-4212-84a3-ab5f14ce5da3,ramsey.capital,available,10.99,71.99,high,low,6,namesilo,,,25/09/2026 15:22
2ba56753-26de-46ff-a8ec-6792d26c5a93,valentine.capital,available,10.99,71.99,high,low,9,namesilo,,,26/09/2026 00:29
745f5a0c-1eb9-423b-ab80-ed7f77ac60bc,camps.capital,available,7.96,57.13,medium,low,5,spaceship,,,28/09/2026 18:04
028de16b-82a1-47cf-9ff7-72849b5bc595,amarillo.capital,available,10.99,71.99,medium,low,8,namesilo,,,18/09/2026 15:59
6cc0a39f-593f-45b7-8228-1dab360d8980,expands.capital,available,55.2,55.2,medium,low,7,cloudflare,,,02/10/2026 12:26
602c7dc7-82c9-44e4-a453-f9938785e671,quebec.capital,premium,207.2,207.2,high,low,6,spaceship,,,01/10/2026 03:23
37120054-5bb9-4564-910c-b6db35619c82,bawdy.capital,available,8.98,89.98,medium,low,5,namecheap,,,09/08/2026 02:05
579c7400-2d81-40a1-9103-8e2f45a02b69,nonsmoking.capital,available,8.98,89.98,medium,low,11,namecheap,,,16/09/2026 20:03
bb1694eb-7dfe-4a10-8aab-ed905bc9fd00,revolved.capital,available,10.99,71.99,medium,low,8,namesilo,,,27/09/2026 14:41
291c74e2-717a-407a-b7af-8ae83821bca0,rocks.capital,premium,78.54,78.54,high,low,5,namesilo,,,17/09/2026 07:43
0c482258-be58-4fb6-a983-552659a2f9ba,whatsoever.capital,available,10.99,71.99,medium,low,10,namesilo,,,22/09/2026 06:59
8165c696-fb6d-4d93-b5bc-ab25041c2d6d,benzyl.capital,available,8.98,89.98,high,low,6,namecheap,,,23/09/2026 09:03
3c0d2fc1-e121-4b42-816a-d8a0c19d6502,onomastic.capital,available,8.98,89.98,medium,low,9,namecheap,,,04/09/2026 15:15
fa7b84c0-9d62-42d1-9a83-c09bd9edcb1b,cleverly.capital,available,7.96,57.13,high,low,8,spaceship,,,28/09/2026 13:56
1eb569e2-c683-4b54-b842-62836ea8181f,beings.capital,available,10.99,71.99,medium,low,6,namesilo,,,27/09/2026 02:57
5dbcd66c-61a7-43db-9c71-fc75240bdad7,oviedo.capital,available,10.99,71.99,high,low,6,namesilo,,,30/09/2026 10:41
8ca7c489-7d34-4e70-91f6-8e7172394442,malted.capital,available,8.98,89.98,high,low,6,namecheap,,,24/08/2026 14:12
fe3d15f5-55d9-4306-b171-40678ecba114,premiers.capital,available,7.96,57.13,medium,low,8,spaceship,,,29/09/2026 17:25
41d7a431-a65f-4a99-bf9e-30b21da25f7f,frizzly.capital,available,8.98,89.98,medium,low,7,namecheap,,,18/08/2026 16:06
c7e54f6e-0ec4-484a-9955-f67cf5f2d673,typing.capital,available,7.96,57.13,high,low,6,spaceship,,,30/09/2026 14:07
d79c64cb-41bd-4234-b7ab-ddf7a325a4bd,lytle.capital,available,5.57,59.07,medium,low,5,dynadot,,,02/10/2026 10:30
767d02d2-abdb-4f41-bb2a-c89e72696bb9,whiner.capital,available,10.99,71.99,medium,low,6,namesilo,,,23/09/2026 06:44
31b600e3-4f06-4617-aa7a-2a282e8f35c9,sublime.capital,resell,,,high,low,7,"Sav.com, LLC - 44",17/03/2026 15:15,17/03/2027 15:15,26/09/2026 09:22
072d0c8b-4167-415b-96b8-5a2e453fb513,autoloader.capital,available,10.99,71.99,medium,low,10,namesilo,,,21/09/2026 06:48
cb80243b-4661-4607-9579-0d9c28ff9ec0,vectors.capital,available,5.66,57.16,medium,low,7,porkbun,,,01/10/2026 00:02
ec1878da-7b24-4b74-8e9c-e44a6fb1bfe8,postmark.capital,available,8.98,89.98,high,low,8,namecheap,,,18/08/2026 14:12
63a2a8ff-c85f-4291-a221-e292afb4e84b,resumes.capital,available,10.99,71.99,medium,low,7,namesilo,,,02/10/2026 03:34
e22ae7aa-caad-4db5-b195-b22ed5556f42,apothegm.capital,available,10.99,71.99,medium,low,8,namesilo,,,19/09/2026 17:10
afe645ed-0791-46f5-a89a-427c15b41dec,risks.capital,available,10.99,71.99,medium,low,5,namesilo,,,20/09/2026 06:40
c3f6ce4b-3bff-4f65-8c0a-19b5cd78e969,ipc.capital,available,5.57,59.07,medium,low,3,dynadot,,,28/09/2026 15:52
be5c6ed4-71d3-46cb-9b94-3c9165182ed0,panoplied.capital,available,8.98,89.98,medium,low,9,namecheap,,,06/08/2026 21:42
48189eaf-f2b2-4260-97d8-db3e7d4c792c,fbs.capital,available,7.96,57.13,high,low,3,spaceship,,,29/09/2026 22:15
c88b5c50-a610-4bf7-b5a0-2920aedfb0a5,egyptian.capital,premium,85.8,85.8,high,low,8,namecheap,,,15/08/2026 19:52
01596966-3514-4aa4-a2dc-67b0eb6a4388,idf.capital,available,7.96,57.13,medium,low,3,spaceship,,,28/09/2026 14:30
85412a31-a0d4-4f94-a214-f65d778d0ffb,penile.capital,available,8.98,89.98,medium,low,6,namecheap,,,08/09/2026 14:21
5c7245f8-519b-47ce-b1e6-36aeab60bb5f,ulcer.capital,available,7.96,57.13,medium,low,5,spaceship,,,30/09/2026 11:13
ccebb79f-15cc-4881-aeef-8bb2bae7e2f5,seawards.capital,available,8.98,89.98,medium,low,8,namecheap,,,10/09/2026 01:02
ac0ea1b6-881b-4472-a08f-440d67b05351,rounder.capital,available,8.98,89.98,medium,low,7,namecheap,,,23/08/2026 00:51
f76c83b1-2ce5-488f-a350-753db20f09cf,tactile.capital,available,8.98,89.98,high,low,7,namecheap,,,21/08/2026 00:02
bf519a8e-40bc-488a-a432-a3d3525fc0f6,deseret.capital,available,7.96,57.13,medium,low,7,spaceship,,,01/10/2026 23:59
da94ddd5-107d-43ec-909f-b547c71c1f33,dwarfs.capital,available,7.96,57.13,medium,low,6,spaceship,,,02/10/2026 13:04
ec111f5f-4e44-45d4-b1d2-f4ad8dd2140d,cayman.capital,resell,,,high,low,6,,,,02/10/2026 04:14
d0db840b-8248-4ecc-9639-ac9497e42ffc,lay.capital,premium,118.8,118.8,high,low,3,namesilo,,,25/09/2026 13:03
19e550c6-2367-489b-a526-bf2f205b9b61,growling.capital,available,55.2,55.2,medium,low,8,cloudflare,,,30/09/2026 09:58
7a710713-0e9e-4944-8f0a-0a865bd71f8f,antipodean.capital,available,8.98,89.98,medium,low,10,namecheap,,,
cacb03c2-9457-4546-86c9-2d2a0cd70c80,ballet.capital,available,10.99,71.99,high,low,6,namesilo,,,21/09/2026 22:51
8fdff080-1af5-4083-bcbd-367648cde505,acinar.capital,available,8.98,89.98,medium,low,6,namecheap,,,
b4142055-9895-4dad-8d65-494cede332d8,gabriella.capital,available,8.98,89.98,medium,low,9,namecheap,,,02/10/2026 19:50
e32f88e7-96b7-45b5-ac71-51a498b528ce,cyclone.capital,available,7.96,57.13,high,low,7,spaceship,,,30/09/2026 09:19
765f259e-5f34-4473-8733-f30257334087,contributes.capital,available,55.2,55.2,medium,low,11,cloudflare,,,02/10/2026 21:06
2a07dab2-929f-4225-b24c-4f105aa44b23,ste.capital,available,10.99,71.99,high,low,3,namesilo,,,27/09/2026 07:49
ca255d79-3660-498f-9d55-c7ff09b4c3c8,defendable.capital,available,8.98,89.98,medium,low,10,namecheap,,,13/08/2026 23:09
8352a97a-aaa6-41ca-9d50-b24b9518e2eb,accusive.capital,available,8.98,89.98,low,low,8,namecheap,,,
9d2c1dab-bb85-4e84-b40d-2d5cb66840ee,croatian.capital,premium,242,242,high,low,8,namesilo,,,13/08/2026 07:32
7b1e8cb5-8d91-4644-9123-bcac52c2b558,akee.capital,available,8.98,89.98,medium,low,4,namecheap,,,17/09/2026 01:56
9738be4f-1c8a-433a-835b-1e4deccbbef9,corner.capital,resell,,,high,low,6,"Sav.com, LLC - 15",05/12/2025 15:15,05/12/2026 15:15,29/09/2026 11:37
8f81119e-0e0a-4896-a17e-4b71300d8da9,traced.capital,available,10.99,71.99,low,low,6,namesilo,,,28/09/2026 13:04
70bfc075-a68a-4d24-8a4d-f52033fd2dcf,buttercups.capital,available,8.98,89.98,medium,low,10,namecheap,,,20/09/2026 19:49
4787998b-f2ad-486b-a6b7-1de313cd6d70,congested.capital,available,8.98,89.98,medium,low,9,namecheap,,,12/08/2026 21:46
cd70b22d-b19b-4504-84c8-b623109eaae5,sister.capital,resell,,,high,low,6,"GoDaddy.com, LLC",23/03/2023 18:43,23/03/2027 18:43,26/09/2026 09:03
a1dd1c0f-c1a1-41f0-998b-0a4a3eb61f84,algin.capital,available,8.98,89.98,medium,low,5,namecheap,,,18/09/2026 07:04
54fdf5c4-5f91-4b9e-9d9a-7686e6c68229,alkyne.capital,available,10.99,71.99,medium,low,6,namesilo,,,17/09/2026 00:25
b4581201-8de3-4460-90ad-5a8d77b2374e,similar.capital,available,8.98,89.98,high,low,7,namecheap,,,
f40d9fd3-fbab-4222-b4a6-66abf538c6b1,slatey.capital,available,8.98,89.98,medium,low,6,namecheap,,,10/09/2026 10:21
80a60230-699f-4d70-9245-373561aa2d14,abides.capital,available,10.99,71.99,medium,low,6,namesilo,,,18/09/2026 17:00
e821c1c7-4497-4c03-b6d2-2d84196cff7a,ramate.capital,available,8.98,89.98,medium,low,6,namecheap,,,11/08/2026 02:17
edc01cad-2ec7-45bc-916b-35853287955c,vendible.capital,available,8.98,89.98,high,low,8,namecheap,,,24/08/2026 20:32
9662ae5a-b1ac-4022-9981-66560d1b3d3b,vicious.capital,available,8.98,89.98,medium,low,7,namecheap,,,08/08/2026 16:00
4676f1d3-2b11-4807-82b7-6062158dd232,accomplice.capital,available,8.98,89.98,high,low,10,namecheap,,,16/09/2026 22:50
02156942-35ab-4499-a82d-b06b21b0441c,arthropoda.capital,available,8.98,89.98,high,low,10,namecheap,,,20/09/2026 10:41
1352d9fb-8e95-4e3a-95da-6dc7332fbe83,conducting.capital,available,10.99,71.99,high,low,10,namesilo,,,29/09/2026 10:46
fb03bdd0-0ce6-4a2a-8162-537b45fe2a5c,unanswered.capital,available,8.98,89.98,medium,low,10,namecheap,,,12/09/2026 00:43
e8b21b68-0316-4fa5-815d-1ab472793c4a,getatable.capital,available,8.98,89.98,medium,low,9,namecheap,,,18/08/2026 23:00
ed0c38c5-f285-4129-8dfc-f0b9b75253f2,somme.capital,available,8.98,89.98,medium,low,5,namecheap,,,22/09/2026 16:09
eb194f87-7d0e-4804-9b01-1fddba53f954,slavic.capital,available,8.98,89.98,high,low,6,namecheap,,,10/09/2026 10:36
d7c6f612-8d06-4a30-ae27-f34209130b7d,kerry.capital,available,5.57,59.07,high,low,5,dynadot,,,28/09/2026 03:22
3afda832-80cd-4fb2-8d2b-d6bf0ef3860d,spins.capital,available,7.96,57.13,high,low,5,spaceship,,,30/09/2026 07:26
6a6487a6-75fd-4df8-8620-5401973e1aff,limbo.capital,available,7.96,57.13,high,low,5,spaceship,,,29/09/2026 19:33
45b16b3c-1241-4731-9773-12223591f35f,caribbean.capital,premium,512,512,high,low,9,namesilo,,,24/09/2026 13:00
459de958-c7a2-4ee2-b467-ea58f898766a,populus.capital,available,55.2,55.2,high,low,7,cloudflare,,,01/10/2026 19:46
4dd9f99a-2869-4a03-9e42-d5e7c2e773ff,goliath.capital,resell,,,high,low,7,"Sav.com, LLC - 35",06/02/2026 15:15,06/02/2027 15:15,26/09/2026 06:26
93bd0a91-0c3b-4932-bae9-1120568cbe30,importance.capital,available,55.2,55.2,high,low,10,cloudflare,,,29/09/2026 21:24
a770c0fb-b636-4b2f-b81d-6cfa36519676,sol.capital,resell,,,high,medium,3,Domain Science Kutatási Szolgáltató Korlátolt Felelősségű Társaság,15/02/2026 15:15,15/02/2027 15:15,26/09/2026 09:08
b046671c-82e0-407d-bc48-fde1fb47f39b,gradable.capital,available,8.98,89.98,medium,low,8,namecheap,,,08/09/2026 03:31
caf50ce0-9a8d-47e5-b285-ffbd9c851498,ascot.capital,available,10.99,71.99,high,low,5,namesilo,,,20/09/2026 13:27
fc558325-eea1-459e-892f-d9b9d0455f1d,smiling.capital,available,55.2,55.2,high,low,7,cloudflare,,,27/09/2026 23:05
c7a8ddac-c6c5-4e4b-a766-289a8bd5675c,fourscore.capital,available,8.98,89.98,medium,low,9,namecheap,,,
910c7259-5a5c-470f-956c-25dc1b60c1af,veronica.capital,available,55.2,55.2,high,low,8,cloudflare,,,30/09/2026 02:57
55f48d84-2e2c-475f-9043-b11a594178cb,samson.capital,resell,,,high,low,6,,,,28/09/2026 01:08
f751556b-de70-4f7c-b17e-df5ab2244eec,fees.capital,available,9.99,,high,low,4,name.com,,,
856c4086-f6fa-43ea-b8b0-d4a4cd266189,plan.capital,resell,,,high,medium,4,UM DOMAINS PTE. LTD,10/04/2026 15:15,10/04/2027 15:15,03/10/2026 02:31
2e73378c-d2c5-4d1a-92a8-5ddf9cc6acf2,styling.capital,available,8.98,89.98,high,low,7,namecheap,,,17/09/2026 18:14
299d3ac5-5c99-4d57-89f1-66e5c9f159d7,powers.capital,available,10.99,71.99,high,low,6,namesilo,,,02/10/2026 09:16
6dc1c991-01bd-4128-91f1-8c71efde35e5,feared.capital,available,10.99,71.99,medium,low,6,namesilo,,,28/09/2026 11:28
dd053c16-51f4-4774-8a5a-329eac8bff97,paso.capital,available,55.2,55.2,medium,low,4,cloudflare,,,29/09/2026 03:36
65aebb74-a2d4-426e-a134-f594d8b6afa7,leavened.capital,available,8.98,89.98,medium,low,8,namecheap,,,22/08/2026 22:13
9853c8a7-3dda-4914-870c-d642462b367a,pierce.capital,resell,,,high,low,6,,,,27/09/2026 13:38
8d4b643a-0dee-4af9-8dff-3709575e435c,journalist.capital,available,7.96,57.13,high,low,10,spaceship,,,27/09/2026 12:59
53363cd7-550d-4a02-a6f6-bb964b41fc37,daly.capital,available,10.99,71.99,high,low,4,namesilo,,,25/09/2026 13:04
82c132a0-d90e-462c-be0a-53591675eb38,gloaming.capital,available,8.98,89.98,medium,low,8,namecheap,,,11/09/2026 21:41
f5ba6379-07ac-45cb-85de-59b04b5376ad,rag.capital,available,10.99,71.99,high,low,3,namesilo,,,24/09/2026 12:22
26ab4f65-986c-450e-985d-3d7dadbfde18,snickers.capital,available,10.99,71.99,high,low,8,namesilo,,,18/09/2026 04:34
2982805a-8fc9-4514-958a-d6da90f9d5d4,hushed.capital,available,8.98,89.98,medium,low,6,namecheap,,,21/08/2026 15:54
bd5499ed-9041-4c05-a5f3-10d6cf35ec87,anuria.capital,available,10.99,71.99,medium,low,6,namesilo,,,19/09/2026 15:55
57f227ae-4b67-437b-a231-c50d9ecb7d97,finespun.capital,available,8.98,89.98,medium,low,8,namecheap,,,18/08/2026 04:51
fb9b54d5-d4ef-456a-84e3-271b9a3b5949,alienation.capital,available,10.99,71.99,high,low,10,namesilo,,,18/09/2026 07:35
5296655b-03c1-4eeb-a77e-4ffdcd2212ae,students.capital,resell,,,high,low,8,Dynadot Inc,12/05/2026 11:58,12/05/2027 11:58,26/09/2026 09:21
a4e63b69-cf6f-431e-af67-95d7db8df8ba,alienage.capital,available,10.99,71.99,medium,low,8,namesilo,,,18/09/2026 07:33
9f1bcc39-8cab-416e-987a-8d0d5b56165a,sdn.capital,available,7.96,57.13,high,low,3,spaceship,,,02/10/2026 18:47
f5f5c0cd-63f7-4ee4-835e-8edf4f79ff1b,resounding.capital,available,10.99,71.99,high,low,10,namesilo,,,27/09/2026 12:35
b5c21df2-20fb-48b0-8acb-28f419a24cd1,laplace.capital,available,10.99,71.99,medium,low,7,namesilo,,,29/09/2026 01:32
df343386-10d5-4ae6-8383-4ac442fb83e2,masterless.capital,available,8.98,89.98,medium,low,10,namecheap,,,24/08/2026 09:55
7ddba871-429a-436c-9db8-92ad21f33922,lazily.capital,available,8.98,89.98,medium,low,6,namecheap,,,15/09/2026 01:40
da287437-f4f5-4e06-bd73-6b1c0f57f2ed,moustaches.capital,available,10.99,71.99,medium,low,10,namesilo,,,20/09/2026 09:53
d09ec9b1-fd8c-403d-aadb-761415bc7ec8,searing.capital,available,8.98,89.98,medium,low,7,namecheap,,,10/09/2026 00:54
99bd9bce-0615-4ed1-96cd-0bb09bca17d3,mattress.capital,available,55.2,55.2,high,low,8,cloudflare,,,28/09/2026 19:51
688a16d7-1e57-4d8e-a6a8-79e6b85afede,oversea.capital,available,8.98,89.98,medium,low,7,namecheap,,,04/09/2026 21:46
36cada1f-0a07-4fb7-afee-a16ce23f93a0,bezzant.capital,available,10.99,71.99,medium,low,7,namesilo,,,23/09/2026 12:17
2f48227f-60c5-42b1-95c6-dab598296b5c,randoms.capital,available,10.99,71.99,low,low,7,namesilo,,,19/09/2026 22:13
bcfdaf3b-dea7-4497-8099-8cc846261ea8,alloyed.capital,available,8.98,89.98,medium,low,7,namecheap,,,
0387059b-ff13-4d1d-81a6-859844c9903d,troubling.capital,available,8.98,89.98,medium,low,9,namecheap,,,14/08/2026 13:19
8b71147c-4d17-402d-aed3-d9d3647f909d,shaft.capital,available,8.98,89.98,high,low,5,namecheap,,,29/09/2026 01:04
b90c60bf-1fe4-4890-bf43-55263fabb486,unable.capital,available,8.98,89.98,high,low,6,namecheap,,,11/09/2026 23:26
e0f27e5b-2e93-458f-b718-4a6d802f1a42,berretta.capital,available,10.99,71.99,low,low,8,namesilo,,,23/09/2026 10:07
d9fa848d-0004-4fab-9ecd-261fbdd42be2,indorse.capital,available,8.98,89.98,medium,low,7,namecheap,,,08/08/2026 05:17
1778f230-8370-435a-9fef-320733791315,tashkent.capital,resell,,,medium,low,8,"Sav.com, LLC",09/01/2026 14:02,09/01/2027 14:02,26/09/2026 09:31
7ed9f6df-ffba-482a-aea5-786e8b913407,heels.capital,available,10.99,71.99,high,low,5,namesilo,,,27/09/2026 10:19
725887c2-7492-48ba-98a5-a6670e72da06,vinson.capital,available,10.99,71.99,medium,low,6,namesilo,,,29/09/2026 12:24
bb9254d2-0d5f-49d7-bfed-c4f20196e4d8,odor.capital,available,10.99,71.99,high,low,4,namesilo,,,20/09/2026 08:25
181cf8f7-5bcf-4a4d-b2b5-56a252a43aef,nowadays.capital,available,10.99,71.99,medium,low,8,namesilo,,,28/09/2026 22:43
3159da3f-7db9-4b14-8278-3f85e133d017,whirl.capital,available,8.98,89.98,high,low,5,namecheap,,,02/10/2026 14:44
85051a87-1923-4a2a-9842-cd166132cb50,alert.capital,available,8.98,89.98,high,low,5,namecheap,,,
51549ec4-785b-4437-b56d-eed3d1f1a3ea,burnished.capital,available,8.98,89.98,medium,low,9,namecheap,,,11/08/2026 10:59
a9bdf6a9-5ccb-405d-ab0a-f422395c6327,streaks.capital,available,7.96,57.13,medium,low,7,spaceship,,,01/10/2026 17:47
1cb49f6b-f08d-4a86-9f63-355183268ed7,hutton.capital,available,10.99,71.99,high,low,6,namesilo,,,25/09/2026 07:41
cedd17a2-051b-4fbc-a4f1-e40b046d8668,anabas.capital,available,10.99,71.99,medium,low,6,namesilo,,,19/09/2026 00:49
709da982-e788-4664-97d1-8853171f28b2,burred.capital,available,8.98,89.98,medium,low,6,namecheap,,,08/08/2026 17:23
2f08c2f7-8fb3-414b-8ac6-68db74cf7a71,poetic.capital,available,8.98,89.98,high,low,6,namecheap,,,08/09/2026 22:33
6ed4fcef-8652-42d6-b63f-15af9ad51337,cuddly.capital,available,8.98,89.98,high,low,6,namecheap,,,13/08/2026 10:11
26b17fb6-a1e3-4689-ba7f-5eb2013ece3a,feelings.capital,available,55.2,55.2,high,low,8,cloudflare,,,29/09/2026 19:09
31266727-6229-480b-a435-65dbfe836f14,brno.capital,available,5.57,59.07,medium,low,4,dynadot,,,29/09/2026 18:06
dfe93ffc-743c-4db6-9574-0547f59120d9,section.capital,available,8.98,89.98,high,low,7,namecheap,,,08/09/2026 06:07
350b04b8-cb87-43cf-8d49-5347d358ee24,tasso.capital,available,8.98,89.98,medium,low,5,namecheap,,,02/10/2026 16:55
e119b27e-e163-4e9a-ab69-ea8de40c7b38,pyle.capital,available,10.99,71.99,medium,low,4,namesilo,,,29/09/2026 07:17
6e796231-db07-474d-a98e-7600dd80cc93,wylie.capital,available,10.99,71.99,medium,low,5,namesilo,,,28/09/2026 13:59
2b0642bc-d59a-4ae1-9bdd-37131b3bf3e3,minimalism.capital,available,8.98,89.98,high,low,10,namecheap,,,03/10/2026 01:37
b97c53a7-0404-43bb-b9ed-235682421a45,potbelly.capital,available,9.99,92.99,medium,low,8,name.com,,,22/09/2026 17:43
161e048e-6292-4c76-af21-9ed72a995f0c,deadlines.capital,available,10.99,71.99,medium,low,9,namesilo,,,21/09/2026 08:50
e56b0898-f38c-4a26-8bf5-f6a527bb2b7c,winless.capital,available,8.98,89.98,medium,low,7,namecheap,,,13/09/2026 12:35
d80a6bd0-1d2c-4720-9535-af8287417fb9,ger.capital,resell,,,high,low,3,,,,01/10/2026 22:45
3076b1aa-f239-4b1c-9e9c-5956a98e8211,cannily.capital,available,8.98,89.98,medium,low,7,namecheap,,,14/09/2026 05:10
491876f4-67a9-4453-8b91-a8b618825c37,rankin.capital,available,10.99,71.99,high,low,6,namesilo,,,27/09/2026 04:34
3c0b796a-172a-41b2-a3a2-47cf5e0b526c,wenatchee.capital,available,55.2,55.2,medium,low,9,cloudflare,,,02/10/2026 01:11
dd422990-9258-4853-8466-a0f3fa6b2bc7,malleable.capital,available,8.98,89.98,medium,low,9,namecheap,,,14/08/2026 20:52
5882ff20-a33c-4dc9-9faf-b6943597d2b4,acantha.capital,available,8.98,89.98,medium,low,7,namecheap,,,16/09/2026 20:38
0bd3f8ff-5239-4364-86a4-8db811c69b27,magdeburg.capital,available,55.2,55.2,high,low,9,cloudflare,,,29/09/2026 09:34
982aee91-e2b2-44ed-8b07-67ba1f4ed863,undisturbed.capital,available,7.96,57.13,high,low,11,spaceship,,,30/09/2026 12:13
f69063e8-276c-4305-a435-a648f5376fa2,bickering.capital,available,8.98,89.98,medium,low,9,namecheap,,,23/09/2026 13:12
5dc9c2a0-51c3-4300-af56-8716cd9a7a5c,trash.capital,available,10.99,71.99,high,low,5,namesilo,,,25/09/2026 22:15
397e0488-a931-47ea-bdb6-8e597fea52fc,theft.capital,available,8.98,89.98,high,low,5,namecheap,,,08/09/2026 07:55
f0687eed-e7cf-4872-9f89-14fb62cb5044,protozoon.capital,available,8.98,89.98,medium,low,9,namecheap,,,09/09/2026 04:16
1f6813a6-2e02-4d30-af06-c96ab2b37027,ration.capital,available,7.96,57.13,high,low,6,spaceship,,,30/09/2026 02:40
7f8bb64c-1013-4289-a37b-582642e913bc,afternoons.capital,available,5.57,59.07,medium,low,10,dynadot,,,29/09/2026 10:29
e2c507b7-b81e-421e-b9d6-14f442bac6f5,autographed.capital,available,5.57,59.07,medium,low,11,dynadot,,,03/10/2026 03:40
354ce3af-7e47-4307-b0eb-8c7507e6a6af,tastefully.capital,available,8.98,89.98,medium,low,10,namecheap,,,16/09/2026 07:59
e731dfc6-cca9-49fc-9c7b-a64de1ac0dc5,archean.capital,available,8.98,89.98,medium,low,7,namecheap,,,06/08/2026 15:05
341aaf7b-a9cd-476d-8a83-e3d77b6aa5cb,part.capital,available,8.98,89.98,high,low,4,namecheap,,,15/09/2026 19:03
bf9f350d-dc26-4a93-aee0-ae1ac1a1a0b1,brooding.capital,available,8.98,89.98,medium,low,8,namecheap,,,11/08/2026 05:52
f41f3e05-42df-4365-98e1-f74bfead13f9,tyre.capital,available,7.96,57.13,high,low,4,spaceship,,,29/09/2026 08:11
b8e6f371-3553-4bc6-a27e-415ff77f99af,punishing.capital,available,8.98,89.98,high,low,9,namecheap,,,06/08/2026 17:10
3b12fea4-86b3-4969-8352-2cef91170381,destroyed.capital,available,10.99,71.99,medium,low,9,namesilo,,,24/09/2026 07:01
1cefa7e0-6a2f-414a-9c35-9875dddae2c1,hypnagogic.capital,available,8.98,89.98,medium,low,10,namecheap,,,21/08/2026 17:03
1295fae9-910b-439a-b2ed-8c352a5537b3,sounds.capital,available,10.99,71.99,high,low,6,namesilo,,,25/09/2026 17:10
030e41aa-bef8-4a6d-ac49-e752c3b21be7,forbid.capital,available,10.99,71.99,medium,low,6,namesilo,,,28/09/2026 10:33
9367bb33-cc96-4234-bbd7-eed8d06b1ff9,coloring.capital,available,8.98,89.98,high,low,8,namecheap,,,12/08/2026 17:31
d5ec9db5-271f-4786-a71a-6029c0f2f761,lurid.capital,available,8.98,89.98,medium,low,5,namecheap,,,24/08/2026 11:42
edb52f6d-159f-43ec-9296-56fd8858b3a5,ponders.capital,available,8.98,89.98,medium,low,7,namecheap,,,18/09/2026 02:06
0ddf12fd-cc04-4207-8e5b-2e669b8836f2,systematic.capital,available,8.98,89.98,high,low,10,namecheap,,,11/09/2026 06:44
86342bfe-0069-4ae6-827c-882d258263df,ntsb.capital,available,5.57,59.07,medium,low,4,dynadot,,,01/10/2026 07:49
5620430b-e3a6-434c-867a-94bd4c9f2779,wimpy.capital,available,8.98,89.98,medium,low,5,namecheap,,,13/09/2026 12:06
28031af8-a772-4112-b008-0a709292aae8,endorse.capital,available,8.98,89.98,high,low,7,namecheap,,,08/09/2026 09:45
136ce8ed-1496-4325-8327-eff64d917279,syncretic.capital,available,8.98,89.98,medium,low,9,namecheap,,,11/09/2026 06:21
a9e9a1ef-472b-42c0-898f-8421794b9b79,dispose.capital,available,7.96,57.13,high,low,7,spaceship,,,29/09/2026 15:24
c2559072-2b79-4ac5-a326-10eba3febea6,relies.capital,available,8.98,89.98,medium,low,6,namecheap,,,20/09/2026 06:27
54f972b2-af87-4328-a426-5aedaed35151,soled.capital,available,8.98,89.98,medium,low,5,namecheap,,,10/09/2026 13:35
a2697d8d-042a-4d49-abbc-334edd79d82a,exercising.capital,available,55.2,55.2,high,low,10,cloudflare,,,29/09/2026 18:30
b61ae6bf-194a-4c01-805a-d0d0f20f4d11,ssi.capital,available,7.96,57.13,high,low,3,spaceship,,,01/10/2026 18:32
43afc88a-7fe9-4707-bb6f-3c0623e5521d,sealed.capital,available,7.96,57.13,high,low,6,spaceship,,,27/09/2026 18:59
9c9c4054-b4ba-4de8-86b0-10e96c303316,gerd.capital,available,5.66,57.16,medium,low,4,porkbun,,,30/09/2026 13:04
ca4bfd33-f0d1-40d6-aa11-1e242f7c090d,titanic.capital,available,8.98,89.98,high,low,7,namecheap,,,11/09/2026 16:30
e782e51d-59d0-4062-ba32-848ef2dbe120,enkindled.capital,available,8.98,89.98,medium,low,9,namecheap,,,17/08/2026 09:31
1c36d0f9-e222-4aac-a59a-8fba983f63ac,seasoning.capital,available,7.96,57.13,high,low,9,spaceship,,,02/10/2026 15:11
2fcee7d2-10d3-4b22-b7ca-2e3edf242019,excursive.capital,available,8.98,89.98,medium,low,9,namecheap,,,17/08/2026 16:39
3dfc4f7c-818f-4709-961b-cea53b42b2ab,usages.capital,available,55.2,55.2,low,low,6,cloudflare,,,29/09/2026 05:10
bba3c66c-4b88-4bdc-98a5-e21669553fba,triplex.capital,available,8.98,89.98,medium,low,7,namecheap,,,11/09/2026 11:51
31bce024-38b9-4e7b-aafa-3b537cf2b459,patty.capital,available,7.96,57.13,high,low,5,spaceship,,,28/09/2026 20:09
c54c23e7-9018-45e7-81ab-22bafc4c294e,sunnyvale.capital,available,8.98,89.98,high,low,9,namecheap,,,01/10/2026 11:38
ed067ee2-5464-4914-858a-bc0f2aaf5de0,unbeatable.capital,available,8.98,89.98,high,low,10,namecheap,,,25/09/2026 11:12
4931f726-9ebd-448c-9b1a-81f948ce50fc,dawning.capital,available,8.98,89.98,high,low,7,namecheap,,,11/09/2026 02:03
fc2fc1a5-fb91-468a-b0e8-96bc2c672b59,fixes.capital,available,7.96,57.13,medium,low,5,spaceship,,,01/10/2026 18:27
f61e6252-7eb8-413c-910a-eb461e65b55f,competence.capital,available,10.99,71.99,high,low,10,namesilo,,,24/09/2026 16:46
9bea9786-8b5d-421f-88e3-800887500784,carries.capital,available,7.96,57.13,medium,low,7,spaceship,,,28/09/2026 04:37
dea1cad3-6793-41db-a8ab-e2a2d4b5dc61,facetious.capital,available,8.98,89.98,medium,low,9,namecheap,,,08/08/2026 14:39
5b188b84-2e00-4e77-aaf2-4e98693643b7,variation.capital,available,8.98,89.98,high,low,9,namecheap,,,03/09/2026 11:43
e004f9d1-63ed-4691-8fc0-a2f242b72250,scrawny.capital,available,8.98,89.98,medium,low,7,namecheap,,,09/09/2026 23:42
3e4f2d2d-2590-46fb-86fd-72ea6bc1deb5,unmoved.capital,available,8.98,89.98,medium,low,7,namecheap,,,21/08/2026 23:45
6b43b7c7-832f-4e86-8f3f-602bceee2e39,felicia.capital,available,5.57,59.07,high,low,7,dynadot,,,29/09/2026 18:52
14b31257-7313-4649-887f-fc3be3812a37,drunk.capital,available,8.98,89.98,high,low,5,namecheap,,,14/08/2026 20:17
f38013ae-b955-4b1c-9563-62d6961891a4,shaman.capital,available,10.99,71.99,high,low,6,namesilo,,,03/10/2026 01:50
6e43f510-7d15-40e8-97a6-194474f2550d,northfield.capital,available,10.99,71.99,medium,low,10,namesilo,,,29/09/2026 10:07
644ccfbf-7ba8-4b48-8c37-31b656761784,ionizing.capital,available,55.2,55.2,medium,low,8,cloudflare,,,29/09/2026 08:38
5e493e99-ba8d-455e-8c18-f699aa66b134,fateful.capital,available,8.98,89.98,medium,low,7,namecheap,,,11/08/2026 13:32
d35d0de3-f9ef-4123-9323-b42d13688071,absurdly.capital,available,8.98,89.98,medium,low,8,namecheap,,,13/09/2026 16:46
0ea375d4-89d3-4c7a-bd5c-5ff348820643,flor.capital,available,9.99,,high,low,4,name.com,,,
9265d46f-5b35-44f6-b2b8-3488887a4484,frisco.capital,available,7.96,57.13,high,low,6,spaceship,,,03/10/2026 04:51
7069fd19-fce5-47a0-88c5-3edfa8ccb0a8,highness.capital,available,55.2,55.2,high,low,8,cloudflare,,,28/09/2026 14:27
525e0553-25e8-47f1-a864-82436a88709e,sexed.capital,available,8.98,89.98,medium,low,5,namecheap,,,10/09/2026 05:13
da1947e3-9735-42e1-b937-4e80969e1aa0,dowry.capital,available,8.98,89.98,high,low,5,namecheap,,,24/09/2026 23:36
fae2cb69-f945-4eef-b255-273a517a88b6,reassurance.capital,available,5.66,57.16,high,low,11,porkbun,,,02/10/2026 22:11
0831ad0c-c16b-4f8f-bbfa-289471c787af,recommendation.capital,available,9.99,,high,low,14,name.com,,,
f4cf9c29-c6b5-4a4d-af58-a779d7a69e46,lined.capital,available,8.98,89.98,medium,low,5,namecheap,,,23/08/2026 14:17
5b706265-85fe-42f8-94e9-f3a11537879f,meshes.capital,available,5.66,57.16,low,low,6,porkbun,,,01/10/2026 18:22
05a731db-7548-4ae5-b043-fbb6f299e53b,abalone.capital,available,10.99,71.99,medium,low,7,namesilo,,,16/09/2026 13:49
27542fa8-ddfe-405f-98da-fd9401943f18,tow.capital,available,7.96,57.13,high,low,3,spaceship,,,30/09/2026 13:23
874cf780-fc3a-4272-a2e3-497f0280e702,aleksandr.capital,available,10.99,71.99,medium,low,9,namesilo,,,28/09/2026 08:00
cfa33413-a142-476e-8f5c-ab36ccdaedcc,hierarchic.capital,available,8.98,89.98,medium,low,10,namecheap,,,21/08/2026 08:20
3e24b887-2161-47cc-a720-615f434590da,supplies.capital,premium,260,260,medium,low,8,namecheap,,,02/10/2026 19:15
66c307bc-b3b8-4c41-ba66-96c16acba95e,anticlimax.capital,available,10.99,71.99,medium,low,10,namesilo,,,19/09/2026 14:16
a702a688-db6d-466c-a275-7b74a4c1d932,disloyal.capital,available,8.98,89.98,medium,low,8,namecheap,,,14/08/2026 11:36
f5c27f4e-5a40-4a52-9782-fee2ef969e96,blastocyst.capital,available,8.98,89.98,medium,low,10,namecheap,,,24/09/2026 04:28
e688bd20-67a5-4f1e-8013-0745e1617230,externalities.capital,available,5.66,57.16,low,low,13,porkbun,,,02/10/2026 13:56
6f896251-0ddd-478c-b2f3-02079ac70307,dekker.capital,available,7.96,57.13,high,low,6,spaceship,,,29/09/2026 18:35
cc29039f-49f2-462a-b52e-b0a8d4e2a2c6,lie.capital,premium,220,220,high,low,3,dynadot,,,30/09/2026 02:51
5696493c-c7c0-4bdf-80e9-3c2eed01369b,thousand.capital,available,10.99,71.99,high,low,8,namesilo,,,21/09/2026 11:02
7962ee20-9d7d-4849-9139-fa632c71afc2,alcoholic.capital,available,8.98,89.98,high,low,9,namecheap,,,
3cdeeda9-b9b0-4a12-8d51-88bef774b933,ongoing.capital,available,8.98,89.98,high,low,7,namecheap,,,04/09/2026 13:59
3fa1b6c5-7fbe-4702-a5f6-f48e6c71223d,longwise.capital,available,8.98,89.98,medium,low,8,namecheap,,,22/08/2026 23:42
d8cab3aa-7351-4a38-9508-3756f18e6606,murcia.capital,available,8.98,89.98,medium,low,6,namecheap,,,30/09/2026 21:06
8330e493-137e-44d6-a59a-0268918a4494,graphic.capital,available,10.99,71.99,high,low,7,namesilo,,,01/10/2026 15:47
a2c2505f-b343-4b5a-9d6f-bc573c7515a6,jed.capital,available,55.2,55.2,medium,low,3,cloudflare,,,01/10/2026 23:48
0465bf6d-98c0-45fe-8ebd-658e295a6d56,doctorate.capital,available,7.96,57.13,high,low,9,spaceship,,,30/09/2026 17:00
6e26c622-8ea2-4eb0-b45a-188089827f44,prescribed.capital,available,8.98,89.98,medium,low,10,namecheap,,,13/08/2026 22:17
a5aa116c-729b-4b3e-94c3-c37744464578,cive.capital,available,8.98,89.98,medium,low,4,namecheap,,,18/09/2026 11:31
4ef06499-2b68-4ae7-b4a8-3cd8fa386130,metrics.capital,available,10.99,71.99,high,low,7,namesilo,,,28/09/2026 14:52
404a95b9-ef79-48a6-bbd7-380cddb4c8b3,kenosha.capital,available,55.2,55.2,medium,low,7,cloudflare,,,29/09/2026 15:54
656044a3-8dc1-45a8-a820-60e2678da9f9,handled.capital,available,8.98,89.98,high,low,7,namecheap,,,20/08/2026 23:28
e850b60a-3945-4d6c-8a9e-5d65291a9834,academical.capital,available,7.96,57.13,high,low,10,spaceship,,,01/10/2026 22:17
fed2c3ce-b4f1-4813-8dd1-3926d84c42bf,notaries.capital,available,8.98,89.98,medium,low,8,namecheap,,,02/10/2026 03:21
bbab3dbb-7d31-47fc-9463-d720544459c4,gerber.capital,available,7.96,57.13,high,low,6,spaceship,,,29/09/2026 09:42
83779d14-bbda-4f98-ac73-7a53f943b98a,jonathan.capital,available,10.99,71.99,high,low,8,namesilo,,,25/09/2026 08:03
70fe890a-1862-4155-945d-c74fc7d6ab85,unkeyed.capital,available,8.98,89.98,low,low,7,namecheap,,,07/08/2026 13:50
bc8dced2-2814-41b8-b398-465859c96bb9,inserted.capital,available,10.99,71.99,medium,low,8,namesilo,,,29/09/2026 10:49
e6e45782-0129-4aae-8b04-5e4956ceadfc,beauvoir.capital,available,10.99,71.99,high,low,8,namesilo,,,22/09/2026 22:24
74e8f09d-0727-42c0-b6b3-f5b454314740,soundlike.capital,available,9.99,,low,low,10,name.com,,,
6e3aad18-997b-490a-b552-8e50fb684ead,waveforms.capital,available,7.96,57.13,medium,low,9,spaceship,,,01/10/2026 00:59
3ebcf363-02dc-4c94-a7f5-b36049977999,vengeance.capital,available,10.99,71.99,medium,low,9,namesilo,,,28/09/2026 11:03
ac649f66-37dd-478e-883b-25e096961150,lose.capital,available,7.96,57.13,medium,low,4,spaceship,,,30/09/2026 04:42
ff86223e-cbe8-42dc-b318-09be6fddf919,sewage.capital,available,5.57,59.07,medium,low,6,dynadot,,,30/09/2026 02:49
7863469b-0eaa-4672-9224-6ccf23f49dc9,olives.capital,available,10.99,71.99,medium,low,6,namesilo,,,20/09/2026 04:34
15718d59-ec56-4a75-bb10-d76b55ef7cf1,terse.capital,available,8.98,89.98,medium,low,5,namecheap,,,22/08/2026 18:16
0d32cdb4-e8fa-40b3-b48a-ef0321445788,pcb.capital,available,5.66,57.16,high,low,3,porkbun,,,28/09/2026 17:13
3adc74e8-b7c4-4e71-85b5-52a3a2653422,agnostical.capital,available,8.98,89.98,medium,low,10,namecheap,,,
1cda3f82-333f-4184-98eb-e6a56afce8b2,remington.capital,available,10.99,71.99,high,low,9,namesilo,,,02/10/2026 03:00
ea0fce39-3c83-4a94-9edb-61a050e1a8c1,gibbons.capital,available,10.99,71.99,medium,low,7,namesilo,,,29/09/2026 04:20
87f5b2cf-375e-4449-98f5-7ea3d3837bce,chatsworth.capital,available,7.96,57.13,medium,low,10,spaceship,,,02/10/2026 00:57
3169e04a-eca8-4cd1-9adf-70971a5b84d5,comprehension.capital,available,7.96,57.13,medium,low,13,spaceship,,,29/09/2026 23:00
ccf2ab15-7fd7-40ee-97ac-5f5d1077f951,ugandan.capital,available,8.98,89.98,medium,low,7,namecheap,,,11/09/2026 22:40
644ea775-cb4b-40d3-b399-b5f5992d32e7,foretoken.capital,available,10.99,71.99,medium,low,9,namesilo,,,21/09/2026 03:42
e64744fd-2238-4c29-832c-17781d105774,nuclei.capital,available,8.98,89.98,medium,low,6,namecheap,,,
4d04caea-1158-4986-a7d6-82b3f4fc4797,grew.capital,available,5.57,59.07,high,low,4,dynadot,,,30/09/2026 22:49
a857fd8c-a4e5-4f36-879d-fcc8dc1b912a,playdate.capital,available,55.2,55.2,high,low,9,cloudflare,,,02/10/2026 21:12
d171a992-98be-441a-86b9-57fdb101927b,entrance.capital,available,8.98,89.98,high,low,8,namecheap,,,22/08/2026 01:46
f9315ee8-c9d5-42e7-9f66-410a4afd4a97,xcvi.capital,available,8.98,89.98,medium,low,4,namecheap,,,
94b16e5a-9270-4887-8aca-e0e9299aba00,uncool.capital,available,8.98,89.98,medium,low,6,namecheap,,,12/09/2026 06:11
53a51728-f99a-4b15-b1ae-9f3d2c0f6c1a,stoned.capital,available,8.98,89.98,medium,low,6,namecheap,,,10/09/2026 21:10
be3b3764-1c16-4c3d-893c-52fd65839262,balloonist.capital,available,10.99,71.99,medium,low,10,namesilo,,,21/09/2026 23:14
ddaa99bb-c895-4a85-a46f-dbe47f402672,wrongdoing.capital,available,8.98,89.98,medium,low,10,namecheap,,,17/09/2026 05:25
40a43f39-433b-48a1-bd72-f2c258986aab,drinking.capital,available,7.96,57.13,high,low,8,spaceship,,,29/09/2026 03:42
00aa55a4-3a49-438f-a678-30b8c25bdbfc,additions.capital,available,10.99,71.99,medium,low,9,namesilo,,,18/09/2026 16:32
54c4167c-b913-4872-a00d-15941bd96606,banting.capital,available,10.99,71.99,medium,low,7,namesilo,,,22/09/2026 03:15
aeff0fc6-ad7b-4c23-8212-46ff61773830,demo.capital,resell,,,high,medium,4,"Sav.com, LLC - 9",17/05/2026 15:15,17/05/2027 15:15,27/09/2026 05:08
ab926c12-e13c-4088-9ce6-1157a51f90a9,kingsbury.capital,available,5.57,59.07,high,low,9,dynadot,,,29/09/2026 22:52
1129fcc7-1646-444a-9799-1d5ec8b305fb,classified.capital,available,8.98,89.98,high,low,10,namecheap,,,19/09/2026 14:44
71ee27e0-e35d-4408-bfd6-e9a707521eda,prudent.capital,resell,,,high,low,7,"Sav.com, LLC - 29",17/02/2026 15:15,17/02/2027 15:15,27/09/2026 07:54
4c534bd0-e550-4421-9073-05b26adf4ba8,bolshevik.capital,available,8.98,89.98,high,low,9,namecheap,,,10/08/2026 17:50
192bc8d6-b155-4ffd-aa24-40f07df82a85,yells.capital,available,10.99,71.99,low,low,5,namesilo,,,01/10/2026 00:47
081c69e3-5eb3-401b-bc06-7cce3894f058,yoon.capital,available,7.96,57.13,high,low,4,spaceship,,,30/09/2026 12:42
66a61a4f-1748-406d-bc4a-7b5875914938,brightness.capital,available,55.2,55.2,high,low,10,cloudflare,,,29/09/2026 04:19
b55d13fe-66f0-49be-bb87-413e3d7db481,backstory.capital,available,10.99,71.99,high,low,9,namesilo,,,03/10/2026 03:04
bbdc983c-f6b4-41f4-b862-b1e98035e015,decency.capital,available,10.99,71.99,high,low,7,namesilo,,,29/09/2026 06:36
5e93565b-f7e1-4c8f-8b94-b0726177194c,booker.capital,available,10.99,71.99,high,low,6,namesilo,,,30/09/2026 00:51
3e2bd17a-a713-4c6d-b38e-1ff307e8c95b,bountiful.capital,available,8.98,89.98,high,low,9,namecheap,,,09/08/2026 20:52
ea3fdcee-81d3-4905-9c76-9b396a08c9ba,sulfuric.capital,available,8.98,89.98,medium,low,8,namecheap,,,11/09/2026 01:29
08124302-bf13-46e5-af57-90d902d96ce3,cincinnati.capital,available,8.98,89.98,high,low,10,namecheap,,,29/09/2026 09:12
f5fc2863-b170-440b-9c19-3593c4bf66b4,riotous.capital,available,9.99,92.99,medium,low,7,name.com,,,13/08/2026 20:26
65b698bf-4291-4f55-9db2-2520f2753810,barricade.capital,available,10.99,71.99,medium,low,9,namesilo,,,22/09/2026 08:32
6f27fb97-1e9e-4f23-9519-cf7bee2b4ab0,dickhead.capital,available,8.98,89.98,medium,low,8,namecheap,,,08/08/2026 23:34
5669c8a9-0bf8-400f-99f3-8b611fa6e99f,abbreviation.capital,available,10.99,71.99,medium,low,12,namesilo,,,01/10/2026 12:48
23524336-d3d7-47b2-88f1-a09e962e8af5,medallion.capital,available,55.2,55.2,high,low,9,cloudflare,,,30/09/2026 10:23
3cff12a5-eb6e-4eee-a76b-b67a5ffa96de,unlv.capital,available,8.98,89.98,medium,low,4,namecheap,,,02/10/2026 10:51
afe09be3-c030-4954-a043-00c39651e4ef,tacoma.capital,available,7.96,57.13,medium,low,6,spaceship,,,03/10/2026 02:13
1b252581-aa8b-4cc8-bd1e-b34a8af20708,bremer.capital,available,7.96,57.13,high,low,6,spaceship,,,30/09/2026 04:16
05b41d51-b374-410b-a2df-8221269a445f,hou.capital,available,10.99,71.99,high,low,3,namesilo,,,29/09/2026 10:03
2c7119c0-7126-40a0-9de3-8fb9a99e5179,yolanda.capital,available,55.2,55.2,medium,low,7,cloudflare,,,30/09/2026 21:10
dda51b3d-7d05-4332-b803-1a85eee8c634,tongan.capital,available,8.98,89.98,medium,low,6,namecheap,,,11/09/2026 17:06
4aaea700-2b5e-4749-be8f-b2bb259e8af6,headquarters.capital,available,10.99,71.99,high,low,12,namesilo,,,27/09/2026 02:02
7525b843-3b66-4a35-851d-15542e43b881,chow.capital,available,7.96,57.13,high,low,4,spaceship,,,29/09/2026 00:25
033e3ac6-98ac-4b0a-b540-3213a00b12b5,audiology.capital,available,10.99,71.99,medium,low,9,namesilo,,,21/09/2026 02:56
8c3457c0-21a0-4a4a-8d90-ab670683fbbd,bromide.capital,available,8.98,89.98,medium,low,7,namecheap,,,12/08/2026 19:15
160d97f9-f4cb-465d-84cf-4f69396e6ca9,spattered.capital,available,9.99,92.99,medium,low,9,name.com,,,13/08/2026 15:15
3c97d7be-71be-4a43-ae84-e2a24898b00c,preferences.capital,available,8.98,89.98,high,low,11,namecheap,,,
7f60d6b0-26c6-4778-8d54-752343603f02,sturges.capital,available,55.2,55.2,medium,low,7,cloudflare,,,02/10/2026 11:05
cf19389e-4e7b-478b-8ba0-d9754de26621,litter.capital,available,10.99,71.99,high,low,6,namesilo,,,22/09/2026 23:14
bc7a4cc6-ac0a-4840-9968-10b0c2075093,lawless.capital,available,8.98,89.98,medium,low,7,namecheap,,,
7155f67f-4a0a-41bc-987d-69cd8c821404,superman.capital,available,7.96,57.13,high,low,8,spaceship,,,29/09/2026 00:15
68756cf8-fb66-440d-b4aa-a9b9142051b9,berit.capital,available,8.98,89.98,high,low,5,namecheap,,,23/09/2026 09:27
f4665616-0adc-448d-9696-0a1c1bb228a1,geochemistry.capital,available,8.98,89.98,medium,low,12,namecheap,,,02/10/2026 21:31
318d81c6-e14f-462f-9361-e14420e2746f,southall.capital,available,55.2,55.2,medium,low,8,cloudflare,,,02/10/2026 21:15
4cd191ce-257e-494f-90e7-1c97e671d804,courage.capital,resell,,,high,low,7,Dynadot Inc,26/02/2025 18:44,26/02/2027 18:44,29/09/2026 04:01
0906dbb1-42a0-41ff-89cf-50368a1c5fe4,riddled.capital,available,8.98,89.98,medium,low,7,namecheap,,,09/09/2026 17:19
cff85260-3d3e-427a-9169-7402384f6a44,mixing.capital,available,5.57,59.07,high,low,6,dynadot,,,29/09/2026 10:24
6edabeba-83bc-4a27-a21d-32fbe11084bd,composting.capital,available,55.2,55.2,high,low,10,cloudflare,,,01/10/2026 00:25
e6823ebd-ff1f-4401-b69b-338951f458c4,liberian.capital,available,8.98,89.98,medium,low,8,namecheap,,,23/08/2026 00:47
9bc09b96-d3c7-4829-bc29-77bc0c04ce19,annona.capital,available,8.98,89.98,medium,low,6,namecheap,,,19/09/2026 10:30
0ef41c60-9c1e-4eba-ae55-cee469940794,criminology.capital,available,7.96,57.13,medium,low,11,spaceship,,,02/10/2026 21:26
5e927267-6846-44df-8faa-54d9fdcb8985,tents.capital,available,8.98,89.98,medium,low,5,namecheap,,,29/09/2026 16:28
0c896d8d-c66b-4791-a37b-e969631a7d8f,unknowable.capital,available,8.98,89.98,medium,low,10,namecheap,,,12/09/2026 14:17
e668cc32-67e4-49e6-998b-fcf157c16381,amuse.capital,available,55.2,55.2,high,low,5,cloudflare,,,30/09/2026 15:02
6630cbcc-8aa3-4ae6-9819-5089b5dce975,thrift.capital,available,10.99,71.99,high,low,6,namesilo,,,27/09/2026 03:24
f476b1a3-75ca-449b-b115-a444908b087a,unsent.capital,available,8.98,89.98,medium,low,6,namecheap,,,12/09/2026 19:18
733d7a7b-4fac-401b-96ea-67eff05d1422,scupper.capital,available,10.99,71.99,medium,low,7,namesilo,,,18/09/2026 17:30
7ac3dca9-5cf0-4da4-a7f0-d51ff6acbf92,sizes.capital,available,10.99,71.99,medium,low,5,namesilo,,,19/09/2026 02:18
f549d8f9-8887-4b54-9665-679ed0539247,resonator.capital,available,5.57,59.07,medium,low,9,dynadot,,,02/10/2026 14:37
58a787a6-90df-4058-84d5-f41175261fbb,topologic.capital,available,8.98,89.98,medium,low,9,namecheap,,,11/09/2026 17:52
fc00a2fa-c4f6-4bd0-8e1e-e1db8cedf3d4,wildlife.capital,available,55.2,55.2,high,low,8,cloudflare,,,29/09/2026 08:20
bd25ae3f-7f05-42d7-aca8-78d72d28006b,shakespeare.capital,available,10.99,71.99,high,low,11,namesilo,,,02/10/2026 08:48
8885f0e5-3ba1-4499-b451-18f746bbb74c,slug.capital,available,10.99,71.99,high,low,4,namesilo,,,23/09/2026 13:52
e5a97170-166e-43de-a8e6-c5314362acef,uniting.capital,available,10.99,71.99,high,low,7,namesilo,,,18/09/2026 15:39
6fb50bb0-dc09-46da-9d83-40f7c36b1333,colon.capital,available,10.99,71.99,high,low,5,namesilo,,,20/09/2026 15:16
4d075e30-ed59-4760-92a8-c1e9d50a4e2d,juniper.capital,resell,,,high,low,7,,,,03/10/2026 00:55
09dd519b-2a8d-4338-8a2b-5e8678a633f4,ordeal.capital,available,7.96,57.13,medium,low,6,spaceship,,,29/09/2026 07:47
c4f8203b-ac75-4dc1-8dc4-6021692f6130,sarcasm.capital,available,8.98,89.98,high,low,7,namecheap,,,24/09/2026 13:16
2ba3fce8-94e6-4009-91b9-911bb5d6ae3c,aeration.capital,available,10.99,71.99,medium,low,8,namesilo,,,17/09/2026 12:46
a676668f-6705-4354-814a-33725d4bb5cd,navy.capital,premium,118.8,118.8,high,low,4,namesilo,,,29/09/2026 13:12
498b0b70-9424-411a-92d3-b40e979135dc,cries.capital,available,10.99,71.99,low,low,5,namesilo,,,28/09/2026 08:31
08ca712c-b85a-4db2-b961-df373421408b,contempt.capital,available,5.57,59.07,medium,low,8,dynadot,,,29/09/2026 11:21
4c5b2eb4-6bfd-495a-8717-cfe73f8ad949,vaporized.capital,available,8.98,89.98,medium,low,9,namecheap,,,18/08/2026 20:28
64be9b0b-190e-4dcf-9972-f957f95da1ff,cogeneration.capital,available,5.57,59.07,medium,low,12,dynadot,,,02/10/2026 14:10
306e34a7-4028-45b5-a427-7ac0e13a8913,carambola.capital,available,10.99,71.99,medium,low,9,namesilo,,,21/09/2026 09:14
e9714ebc-9bae-4489-a036-3d722022f060,toxicant.capital,available,8.98,89.98,medium,low,8,namecheap,,,08/09/2026 22:42
3870b041-be38-45e6-9d29-be80858cded1,toda.capital,available,10.99,71.99,medium,low,4,namesilo,,,03/10/2026 02:16
382847cd-dc42-4c63-aae4-a25fb863634a,securities.capital,premium,118.8,118.8,high,low,10,namesilo,,,29/09/2026 22:51
ac78ca16-cb22-451f-9dc1-c5893c2db4e9,honeymoons.capital,available,10.99,71.99,medium,low,10,namesilo,,,20/09/2026 01:32
fbf49479-5062-4171-949c-c159690c69db,therefore.capital,available,7.96,57.13,medium,low,9,spaceship,,,28/09/2026 15:07
4e041f0f-67bd-4728-9010-6dd005b31e95,assemblages.capital,available,5.57,59.07,low,low,11,dynadot,,,29/09/2026 05:48
850ce415-1d01-49b2-af72-4c634736c2b9,glendale.capital,available,7.96,57.13,high,low,8,spaceship,,,01/10/2026 10:33
e78f1e8c-3d02-4f31-8dc9-b78d9e23a1ff,bochum.capital,available,10.99,71.99,medium,low,6,namesilo,,,02/10/2026 09:13
a007528b-6009-4ee3-b8b4-5adf653252d3,padding.capital,available,10.99,71.99,high,low,7,namesilo,,,02/10/2026 04:32
c215d655-20cd-4055-be0e-9010b2a0a524,bypass.capital,available,10.99,71.99,medium,low,6,namesilo,,,30/09/2026 14:25
ccf7ee3b-454c-429e-9039-dfea1f223571,dont.capital,available,10.99,71.99,low,low,4,namesilo,,,17/09/2026 00:37
f65a83de-bf22-4d41-914b-4aaee964d3cb,adenosine.capital,available,10.99,71.99,medium,low,9,namesilo,,,17/09/2026 07:32
19b0caa1-89db-42c9-8e3f-ce61ed003a3d,average.capital,available,10.99,71.99,high,low,7,namesilo,,,22/09/2026 14:28
307e0cb9-0339-4fff-80a1-b85d09f28d5b,curatorial.capital,available,8.98,89.98,medium,low,10,namecheap,,,13/08/2026 11:03
472e498a-f207-4f52-9df2-b1a71d5c4593,casanova.capital,available,7.96,57.13,high,low,8,spaceship,,,02/10/2026 04:18
379854f2-e628-4073-b49a-fc08c7e62588,impress.capital,available,10.99,71.99,high,low,7,namesilo,,,29/09/2026 23:37
d510ba16-a87f-4d75-82b8-9a783c1575c8,labile.capital,available,8.98,89.98,medium,low,6,namecheap,,,22/08/2026 17:32
b682af57-c3fd-495b-997d-39edfe492f32,jude.capital,available,7.96,57.13,high,low,4,spaceship,,,29/09/2026 18:47
1d996e82-8494-40f6-9a44-4df0b507161a,unmarried.capital,available,8.98,89.98,medium,low,9,namecheap,,,12/09/2026 15:26
8b7359a2-d45c-48b2-b9ba-be7648a54b13,defining.capital,available,8.98,89.98,high,low,8,namecheap,,,10/09/2026 06:00
8977e6c4-c6e9-43cf-8a2b-61bd2c7e672b,kinglike.capital,available,8.98,89.98,medium,low,8,namecheap,,,22/08/2026 16:19
07448ff4-dbfe-4fe1-9413-90ee37a00e4a,feasibly.capital,available,8.98,89.98,medium,low,8,namecheap,,,14/09/2026 18:08
e3a0caef-19a0-4b89-a8b5-06620e92534e,storrs.capital,available,10.99,71.99,medium,low,6,namesilo,,,30/09/2026 22:16
20b6496f-94dd-4fca-8af2-658d468a5ee7,suggestions.capital,available,10.99,71.99,medium,low,11,namesilo,,,17/09/2026 12:49
b28e9fe0-7dae-4e7a-9f56-cf3596beeca9,underserved.capital,available,7.96,57.13,medium,low,11,spaceship,,,30/09/2026 03:54
ee3c05d3-4376-47a6-81f7-44df2a3933c3,lau.capital,available,10.99,71.99,medium,low,3,namesilo,,,28/09/2026 07:25
804071e7-dbb5-4b3e-a7b8-292804aa3619,ideological.capital,available,10.99,71.99,medium,low,11,namesilo,,,02/10/2026 07:10
fae49f50-3ca4-41a2-b3d2-c43d1d3be107,criticize.capital,available,55.2,55.2,high,low,9,cloudflare,,,30/09/2026 18:07
3472e9ff-707a-4e45-9baf-38e893c49fec,barnwell.capital,available,7.96,57.13,medium,low,8,spaceship,,,02/10/2026 08:01
5d68287e-7c6b-4b81-97f0-5778d103a038,leaves.capital,available,8.98,89.98,medium,low,6,namecheap,,,08/09/2026 09:50
8c6a8979-a67b-4ec4-b8e3-3198430f0a73,daria.capital,available,55.2,55.2,medium,low,5,cloudflare,,,03/10/2026 04:49
038a424e-df1b-41d6-bb71-9f69277c1c89,lefthanded.capital,available,55.2,55.2,high,low,11,cloudflare,,,30/09/2026 22:36
d9e7012c-3296-497b-9896-124dfc761770,grungy.capital,available,8.98,89.98,low,low,6,namecheap,,,09/08/2026 09:36
855d6b1d-6648-49c8-906c-268c00be5231,indulge.capital,available,10.99,71.99,high,low,7,namesilo,,,21/09/2026 13:04
a53323ae-8fa7-48d1-9327-664de31f8b33,obscured.capital,available,7.96,57.13,medium,low,8,spaceship,,,02/10/2026 18:07
3cc7cc7d-a59b-4ad7-b577-bda2d338bd3b,aphorist.capital,available,10.99,71.99,medium,low,8,namesilo,,,19/09/2026 17:11
9563f840-5f90-4b18-97e9-6865064b4a3d,silky.capital,available,8.98,89.98,high,low,5,namecheap,,,09/09/2026 21:45
3a761946-8050-445c-b964-1b8569dfdd85,retentive.capital,available,8.98,89.98,medium,low,9,namecheap,,,09/09/2026 11:47
01d96d4e-cc51-43e0-a732-1255c7090314,cars.capital,resell,,,high,medium,4,"GoDaddy.com, LLC",21/11/2024 06:11,21/11/2026 06:11,26/09/2026 04:47
c953ebdb-06a3-48de-9bb8-92a46dbd296a,ourselves.capital,available,10.99,71.99,medium,low,9,namesilo,,,27/09/2026 08:55
c065d362-8d96-45e2-8dbe-7e69396c87ea,linked.capital,available,10.99,71.99,high,low,6,namesilo,,,25/09/2026 13:54
3d94e9b2-7242-47d9-af50-f2f5e4151f32,sideways.capital,available,10.99,71.99,high,low,8,namesilo,,,24/09/2026 01:14
e80a1888-355f-4bf3-99bd-1c03fbb9f8d1,forum.capital,resell,,,high,medium,5,Dynadot Inc,23/04/2025 15:15,23/04/2027 15:15,29/09/2026 19:59
e2a8b5d1-0b35-4b7d-a1fa-03cef5ad4b58,darryl.capital,available,10.99,71.99,medium,low,6,namesilo,,,28/09/2026 21:59
0bef29ef-62ef-49a6-9d25-95dff758d31b,slovene.capital,available,5.66,57.16,medium,low,7,porkbun,,,28/09/2026 20:30
9807df2a-c9e4-404c-9617-066a74355dca,stinging.capital,available,9.99,92.99,medium,low,8,name.com,,,13/08/2026 13:17
88672cad-4249-40d6-b843-4f013ab7cfa8,posse.capital,available,10.99,71.99,high,low,5,namesilo,,,30/09/2026 02:35
fead4a9f-220c-458b-b1c0-f452bbd2ccd3,end.capital,premium,118.8,118.8,high,low,3,namesilo,,,19/09/2026 15:33
6a5830c7-bdb8-4ea9-ade8-434d369a20f2,concluded.capital,available,8.98,89.98,high,low,9,namecheap,,,
beea2314-2aa0-461d-b474-2d2f493ef25e,cults.capital,available,55.2,55.2,medium,low,5,cloudflare,,,03/10/2026 04:21
6e52c68a-41ba-45b3-b91c-f06b7a8b557d,fried.capital,available,8.98,89.98,medium,low,5,namecheap,,,13/08/2026 22:34
3d1d2a31-a1e3-4cd6-9736-5848c4494cab,teaching.capital,available,10.99,71.99,high,low,8,namesilo,,,01/10/2026 22:16
4a927560-fbbf-4c38-862e-4c04d66fea59,apostolic.capital,available,8.98,89.98,medium,low,9,namecheap,,,06/08/2026 04:04
2a01bfd1-2f55-4e4b-81b5-37017641bde5,codes.capital,premium,108.9,108.9,high,low,5,dynadot,,,02/10/2026 08:55
98881be7-8e6e-44c5-be54-b895eac6791d,fiducial.capital,available,8.98,89.98,medium,low,8,namecheap,,,18/08/2026 03:40
c784c203-fe14-4a90-a300-d499dcdaeb38,prelate.capital,available,10.99,71.99,medium,low,7,namesilo,,,20/09/2026 02:36
f9e529bb-c5bc-4627-9bb5-d5f0f8dbfa45,reticular.capital,available,8.98,89.98,medium,low,9,namecheap,,,09/09/2026 15:34
3664030a-05ab-4f73-af45-c21d982dd1ac,cervine.capital,available,8.98,89.98,medium,low,7,namecheap,,,12/08/2026 01:00
8f4bb0ff-29fa-4b0c-b9ce-f43ab99a8c87,aedes.capital,available,8.98,89.98,medium,low,5,namecheap,,,17/09/2026 12:09
f6841f60-6960-4474-8aae-8b1466d3f920,abnegation.capital,available,10.99,71.99,medium,low,10,namesilo,,,16/09/2026 16:16
db90bb87-1868-45bb-872d-9732bfff6a5c,tapering.capital,available,8.98,89.98,medium,low,8,namecheap,,,14/08/2026 21:50
d1922faf-b757-4b50-b98b-77cc323a31a0,creamy.capital,available,8.98,89.98,high,low,6,namecheap,,,13/08/2026 05:45
b611c801-047f-48f5-a0cd-a1136fbc4313,altace.capital,available,8.98,89.98,medium,low,6,namecheap,,,18/09/2026 14:31
a2b00c59-5a71-4c6a-8ad3-aea72df520fd,leech.capital,available,9.99,92.99,medium,low,5,name.com,,,24/09/2026 06:16
ecf3ad54-7d40-4e4e-ac2f-ba62567c3908,trends.capital,available,8.98,89.98,high,low,6,namecheap,,,17/09/2026 19:12
1b91f511-2d74-40b1-9791-bd86abe24817,allogeneic.capital,available,8.98,89.98,medium,low,10,namecheap,,,
d3c1678f-1f6c-4b7d-a0e8-524904d8266f,cones.capital,available,55.2,55.2,medium,low,5,cloudflare,,,30/09/2026 15:18
ea2b9882-5dc6-4d45-9f48-b838448cf3bd,hymns.capital,available,10.99,71.99,medium,low,5,namesilo,,,30/09/2026 15:32
0f9f1d28-69c3-4608-a6d9-672581ba5470,camped.capital,available,14.99,121.99,medium,low,6,godaddy,,,01/10/2026 00:22
2d2d7f5f-46f9-423b-8b03-e342321692e9,broaden.capital,available,7.96,57.13,high,low,7,spaceship,,,30/09/2026 16:22
fdc9871d-b7ef-46a1-8814-f114363f3392,shankar.capital,available,5.66,57.16,medium,low,7,porkbun,,,29/09/2026 13:44
e2d23fc5-e1de-42c8-9077-8e4b587b74a6,aspiration.capital,available,10.99,71.99,high,low,10,namesilo,,,18/09/2026 16:53
7f15e915-ee45-4ec1-9d9a-e48ddde41aef,cryogenic.capital,available,8.98,89.98,medium,low,9,namecheap,,,13/08/2026 09:35
ec4145b8-d156-4652-98eb-4f67f98fc3b3,inflicted.capital,available,7.96,57.13,low,low,9,spaceship,,,30/09/2026 00:06
3ecb1e25-9d7e-4b80-944c-d24614478ad4,amphora.capital,available,8.98,89.98,high,low,7,namecheap,,,18/09/2026 23:34
244ca2ee-a879-4236-8f9a-81c5887e78a9,rommel.capital,available,8.98,89.98,medium,low,6,namecheap,,,30/09/2026 01:19
1428f6f4-2437-4ea9-b51e-6234fcd87c2a,surprise.capital,available,7.96,57.13,high,low,8,spaceship,,,30/09/2026 12:35
d91129a1-9a07-4130-85c2-369ef48ef84f,wonders.capital,available,10.99,71.99,high,low,7,namesilo,,,18/09/2026 02:01
6e4a17de-13b4-4bae-bf2a-6a59a8862e08,adrien.capital,available,7.96,57.13,medium,low,6,spaceship,,,02/10/2026 03:15
92f9fd0c-c81b-45dc-b196-39c0b6c59ca4,unlit.capital,available,8.98,89.98,medium,low,5,namecheap,,,12/09/2026 13:03
6a383885-e1d9-47e4-9f20-a7a363a62250,atheneum.capital,available,8.98,89.98,medium,low,8,namecheap,,,20/09/2026 20:41
5d0d4f3c-3782-4756-8d91-e1b0794f6e57,spirally.capital,available,10.99,71.99,medium,low,8,namesilo,,,16/09/2026 06:13
6b157f16-255f-4e86-a238-9a7326537d8d,apiculture.capital,available,10.99,71.99,medium,low,10,namesilo,,,19/09/2026 15:54
972a1533-e8d0-43bf-9b65-23d0006e4f11,robbing.capital,available,7.96,57.13,medium,low,7,spaceship,,,28/09/2026 23:49
11bf62c1-37b0-4d3c-a4e0-c49a659625d3,decline.capital,available,5.57,59.07,medium,low,7,dynadot,,,28/09/2026 13:52
e09bcf10-fe10-4c14-882e-273e32430701,rhyming.capital,available,8.98,89.98,high,low,7,namecheap,,,09/09/2026 16:53
9a50ac8b-0236-4244-aef6-11e48c52bfbd,tunisian.capital,premium,85.8,85.8,medium,low,8,namecheap,,,11/09/2026 21:09
b92da3f2-b0dc-447e-85d5-07129c517f00,studded.capital,available,8.98,89.98,medium,low,7,namecheap,,,10/09/2026 22:57
5c8cd773-0a99-4fb9-939c-4edef9b38961,argentinian.capital,available,55.2,55.2,high,low,11,cloudflare,,,30/09/2026 03:20
5d44e089-a8a5-49ee-9c49-69faf1086e5f,lxvi.capital,available,8.98,89.98,medium,low,4,namecheap,,,
9640f747-3dc7-4480-96a9-090b4e90a88b,bike.capital,premium,242,242,high,low,4,namesilo,,,08/09/2026 12:23
bb8550f8-22b1-4940-89a5-a79ef7af15e7,borders.capital,available,7.96,57.13,medium,low,7,spaceship,,,28/09/2026 23:27
e8d5de29-c67a-4313-bba9-5874074b1396,forlorn.capital,available,8.98,89.98,medium,low,7,namecheap,,,18/08/2026 12:02
de38029b-9c92-4014-b260-7f865a521cfc,bluebottle.capital,available,10.99,71.99,medium,low,10,namesilo,,,21/09/2026 14:09
71ba5609-23ee-421c-958e-0815ebe8564d,houdini.capital,available,10.99,71.99,high,low,7,namesilo,,,02/10/2026 15:02
d0323e43-cf17-421a-9914-197965ae9a31,underpants.capital,available,55.2,55.2,high,low,10,cloudflare,,,03/10/2026 02:19
e85d9f53-c06b-4976-b2d9-5e64d4a83a87,suspend.capital,available,7.96,57.13,high,low,7,spaceship,,,30/09/2026 18:25
3b599a5e-b6bd-4534-93bf-c2c84d410eee,anastasia.capital,available,7.96,57.13,medium,low,9,spaceship,,,29/09/2026 03:46
47d65e2f-cdf1-4806-83b3-35b36835cb2d,absorbing.capital,available,10.99,71.99,high,low,9,namesilo,,,21/09/2026 15:02
2818fee4-726a-4655-8322-3e24d85d2d2f,proxy.capital,resell,,,high,medium,5,,,,30/09/2026 02:30
eccd3ebc-6a16-4590-b6b9-965fb3108262,stopping.capital,available,10.99,71.99,high,low,8,namesilo,,,30/09/2026 12:09
01216e0e-8fb6-4ffb-99a9-02d9e5ef238a,torturing.capital,available,8.98,89.98,medium,low,9,namecheap,,,
9e604158-3e20-4a66-837b-97b57fd3c657,beefcake.capital,available,8.98,89.98,medium,low,8,namecheap,,,23/09/2026 01:06
e0a33bb3-84ba-4acb-84d0-d95ea7683fd1,musty.capital,available,8.98,89.98,medium,low,5,namecheap,,,18/08/2026 16:44
1984f389-2ff9-4b9e-95bf-87d1e3794300,autogyro.capital,available,10.99,71.99,medium,low,8,namesilo,,,21/09/2026 06:23
a8837778-a651-4c8d-a88a-93235eb50295,semisolid.capital,available,8.98,89.98,medium,low,9,namecheap,,,10/09/2026 03:26
0d0d2bbc-ab83-41eb-b3c1-838e308763b4,scripture.capital,available,10.99,71.99,high,low,9,namesilo,,,23/09/2026 12:48
211810a1-ee13-421a-a2c5-7010da303aa6,gloves.capital,available,10.99,71.99,medium,low,6,namesilo,,,25/09/2026 19:42
6ea0680a-beda-4f39-9f49-b79058059558,barcelona.capital,premium,128.7,128.7,high,low,9,namecheap,,,22/09/2026 05:08
437cf461-36fc-4efb-8fef-43578ebe9b5a,asynergy.capital,available,8.98,89.98,medium,low,8,namecheap,,,20/09/2026 18:52
04c0d6cf-9eed-460c-bfca-49ad1240d410,pants.capital,available,10.99,71.99,high,low,5,namesilo,,,24/09/2026 06:17
cd5c1d09-80a1-4bf4-bd0d-56301dfa6073,rapidly.capital,available,8.98,89.98,high,low,7,namecheap,,,13/09/2026 20:17
59caa510-7294-4413-8dce-1293e78723dc,sunbeam.capital,available,7.96,57.13,high,low,7,spaceship,,,30/09/2026 12:18
4b2a28f4-8444-478d-9d7d-e718893f7a56,fetid.capital,available,8.98,89.98,medium,low,5,namecheap,,,18/08/2026 02:24
135fdc5f-0dcb-4bab-bc99-1e66e804088c,allophone.capital,available,8.98,89.98,medium,low,9,namecheap,,,18/09/2026 12:02
3214aaec-c60e-4d3e-a5fb-eb975ae35008,batik.capital,available,10.99,71.99,high,low,5,namesilo,,,22/09/2026 14:02
2e88fd25-26de-4cb1-954f-1a1db31abc1c,jost.capital,available,8.98,89.98,medium,low,4,namecheap,,,03/10/2026 06:05
4cb32f8b-dbb1-41d5-af22-fa354f644a4d,musical.capital,available,8.98,89.98,high,low,7,namecheap,,,25/09/2026 19:12
be734fb3-3fbd-45f6-89b3-1eb0266d79b3,ornaments.capital,available,10.99,71.99,medium,low,9,namesilo,,,30/09/2026 13:57
e833baab-bd5a-4e8d-a04b-db71b2846bda,oftentimes.capital,available,8.98,89.98,medium,low,10,namecheap,,,14/09/2026 20:04
2e4f764b-14db-4739-a10b-0a352276f715,movable.capital,available,8.98,89.98,high,low,7,namecheap,,,25/08/2026 08:56
cc48dd63-f1ae-4714-9a8d-cd13d9ef421d,contented.capital,available,10.99,71.99,high,low,9,namesilo,,,23/09/2026 21:58
807ee8de-fcc1-4a87-a27d-1f2c8edd70c4,eliminated.capital,available,5.57,59.07,medium,low,10,dynadot,,,28/09/2026 17:04
2523ac8b-6da9-43e8-add1-dc2cd4c71f70,proclaiming.capital,available,7.96,57.13,high,low,11,spaceship,,,01/10/2026 23:56
92a464aa-dbd2-48f8-a3dd-a3a841caa716,bandsaw.capital,available,10.99,71.99,high,low,7,namesilo,,,22/09/2026 00:49
1ffa45b4-aca9-4c1e-9cec-70413b955bae,copular.capital,available,8.98,89.98,medium,low,7,namecheap,,,13/08/2026 00:38
38a202ec-6dce-4af0-9c6f-36bf3190c593,hypertension.capital,available,7.96,57.13,medium,low,12,spaceship,,,30/09/2026 06:11
6d5f473f-bbf2-4a3c-b11d-8e9133002a91,wino.capital,available,8.98,89.98,medium,low,4,namecheap,,,14/08/2026 20:26
50b981e1-36a8-4907-a9ef-228377d65ba4,subdue.capital,available,8.98,89.98,high,low,6,namecheap,,,11/09/2026 07:44
a64bd6c3-ad82-42f1-a94e-da4da40a88a3,nor.capital,premium,87.99,,high,low,3,name.com,,,01/10/2026 00:50
c5539147-08c0-4bf3-a8f9-4b053b88034c,ate.capital,available,5.57,59.07,high,low,3,dynadot,,,28/09/2026 22:51
eb437771-0e50-4d4e-aa30-c6e9ec9938e5,regulation.capital,available,8.98,89.98,high,low,10,namecheap,,,09/09/2026 13:07
a1d313aa-235c-4672-956e-c26986526349,legibility.capital,available,10.99,71.99,high,low,10,namesilo,,,24/09/2026 22:31
78ffc860-75b0-43cf-9e87-42dff0e4469b,conditional.capital,available,7.96,57.13,high,low,11,spaceship,,,30/09/2026 11:31
1ca8707e-c7dd-4538-ac4a-abd0b7f2d536,toxic.capital,available,5.57,59.07,medium,low,5,dynadot,,,28/09/2026 09:26
e403d428-2373-4ce2-86ab-1746571b2a01,aqueous.capital,available,8.98,89.98,medium,low,7,namecheap,,,06/08/2026 10:50
92a15ed7-ab52-4593-b1cd-5f7c540de9c0,realise.capital,available,10.99,71.99,high,low,7,namesilo,,,27/09/2026 16:29
ff4a0455-02cc-434d-9d21-c11373a82307,measuring.capital,available,10.99,71.99,high,low,9,namesilo,,,30/09/2026 04:12
9d55bd00-f41d-42cf-a8a4-6a05fe803bd6,parasites.capital,available,10.99,71.99,low,low,9,namesilo,,,29/09/2026 22:54
750b4f0e-3571-4f31-bfd8-056ecc9f79db,charmed.capital,available,8.98,89.98,high,low,7,namecheap,,,09/08/2026 09:57
56eea593-0373-4041-98a1-ff07b3b0cfd5,implacable.capital,available,8.98,89.98,medium,low,10,namecheap,,,21/08/2026 22:31
b8850030-a1e3-4b03-aa5d-31fdaa4dbdd7,madwort.capital,available,10.99,71.99,medium,low,7,namesilo,,,18/09/2026 15:25
81b76045-79a9-424d-abd0-699083d6262f,seeds.capital,resell,,,high,low,5,Dynadot Inc,01/06/2026 17:02,01/06/2027 17:02,26/09/2026 08:53
bbfe0abb-7152-4a24-b3f6-a09955270615,nonsuch.capital,available,8.98,89.98,medium,low,7,namecheap,,,03/09/2026 20:15
b77fe259-9d49-4cac-8fb8-9567ebc2500a,frogs.capital,available,7.96,57.13,medium,low,5,spaceship,,,28/09/2026 18:14
9f3638c4-e0d2-4013-bf14-f9aec0077471,tabloid.capital,available,5.66,57.16,high,low,7,porkbun,,,01/10/2026 03:59
2cde7c98-62c8-4693-bde8-3e6561f7f250,wilhelmina.capital,available,8.98,89.98,medium,low,10,namecheap,,,30/09/2026 04:45
0511d792-9c6a-424a-93ed-e6f06cf23073,musicianship.capital,available,7.96,57.13,high,low,12,spaceship,,,03/10/2026 02:33
611bf7fd-a7a8-492a-bd94-a131e7c3aa4e,birdbrain.capital,available,10.99,71.99,medium,low,9,namesilo,,,17/09/2026 07:04
929070dc-d0ff-4826-afae-e653e5c4172c,anonym.capital,available,10.99,71.99,medium,low,6,namesilo,,,19/09/2026 11:37
5356783c-f0ac-4dd5-8542-85603bd28ea4,exceptional.capital,available,10.99,71.99,high,low,11,namesilo,,,28/09/2026 11:15
f6f7a464-8cab-47c1-b613-df312a532df0,villarreal.capital,available,10.99,71.99,medium,low,10,namesilo,,,03/10/2026 05:55
8575fa0a-9e2f-4b3b-9148-ca9ae6b49332,hobson.capital,available,55.2,55.2,medium,low,6,cloudflare,,,28/09/2026 12:14
bd05ed8d-8483-40ec-8d3b-20af56a768d6,romeo.capital,available,10.99,71.99,high,low,5,namesilo,,,27/09/2026 05:10
7d424e0d-1ed0-4aae-87a7-adca8595db72,uses.capital,available,10.99,71.99,high,low,4,namesilo,,,25/09/2026 13:12
c14e5764-94dd-402c-baa5-f10df87bfcd4,motown.capital,available,7.96,57.13,high,low,6,spaceship,,,29/09/2026 06:38
20f41fb1-7bd7-4fe4-9eaf-f9738cae20b7,sere.capital,available,8.98,89.98,medium,low,4,namecheap,,,14/08/2026 19:03
ae9ed66a-7211-4a97-be15-1a56eec7d0bc,rehearsed.capital,available,7.96,57.13,medium,low,9,spaceship,,,02/10/2026 18:15
b4432ed9-0230-4bcd-92af-e1a99f91c8f3,surge.capital,resell,,,high,low,5,Dynadot Inc,05/07/2026 17:00,05/07/2027 17:00,26/09/2026 09:26
461a42ba-8cd2-4bb0-b25a-8d20ae83b5bc,vented.capital,available,8.98,89.98,medium,low,6,namecheap,,,13/09/2026 02:12
83bdd762-09c7-4c4f-a1d8-fd577ff62083,ilama.capital,available,10.99,71.99,medium,low,5,namesilo,,,19/09/2026 10:33
71721b29-8606-4927-9680-85fda4c86c4c,breslau.capital,available,5.57,59.07,medium,low,7,dynadot,,,28/09/2026 18:29
0d48d2be-85d2-4969-9c3a-a377f6e9d1ca,improvised.capital,available,8.98,89.98,medium,low,10,namecheap,,,21/08/2026 23:19
a6ff1950-f4f4-4c49-aa59-b5b86d36f6c2,baldhead.capital,available,10.99,71.99,medium,low,8,namesilo,,,21/09/2026 21:41
ba36d6d8-186a-4c8d-a134-e592369f0991,bris.capital,available,10.99,71.99,high,low,4,namesilo,,,23/09/2026 09:28
f385dad6-4318-41ec-a264-dc39b10be75c,mend.capital,available,55.2,55.2,high,low,4,cloudflare,,,30/09/2026 08:51
d207d4a0-086e-498a-984f-f92684d06710,succeeds.capital,available,10.99,71.99,medium,low,8,namesilo,,,30/09/2026 16:01
6fbaa778-7fb0-4481-af04-0f4f2daacd70,bong.capital,available,8.98,89.98,high,low,4,namecheap,,,02/10/2026 04:07
0ebf82bb-b3ff-40c0-b359-56f437024a84,hegelian.capital,available,8.98,89.98,medium,low,8,namecheap,,,21/08/2026 06:14
9ccff3fc-ed2e-4a0d-b931-11d2925634ec,rebuilt.capital,available,10.99,71.99,high,low,7,namesilo,,,29/09/2026 16:05
085edc30-2be6-407e-9f8e-4a643bb7eef2,mesonic.capital,available,8.98,89.98,medium,low,7,namecheap,,,24/08/2026 21:09
70e2ade5-7c04-4c51-bbcc-c244094ec54e,cheered.capital,available,10.99,71.99,medium,low,7,namesilo,,,30/09/2026 15:15
d0d9ef6f-7d6d-493e-9940-a33e3db31a4a,enforce.capital,available,8.98,89.98,high,low,7,namecheap,,,29/09/2026 08:23
bb36618e-c959-4a0a-97a7-2e3c345d71d0,motional.capital,available,8.98,89.98,medium,low,8,namecheap,,,25/08/2026 07:22
e89d2b5b-ae8b-4499-82a9-7532420640b5,picks.capital,available,10.99,71.99,medium,low,5,namesilo,,,20/09/2026 07:23
2574643c-561c-495c-ae6d-263d181a649a,updates.capital,available,10.99,71.99,medium,low,7,namesilo,,,20/09/2026 08:39
71b0db39-cbcc-4694-8617-5fb9c0418fec,decay.capital,available,10.99,71.99,high,low,5,namesilo,,,29/09/2026 13:27
0bbab26c-9aa2-4a9a-8fff-9864f27b7145,warsaw.capital,resell,,,high,low,6,,,,29/09/2026 06:15
0f1c8f5a-93b5-4817-9440-7320b0cea958,wizardly.capital,available,8.98,89.98,medium,low,8,namecheap,,,24/08/2026 13:02
345188b6-3b8f-4f04-8491-49a3dd6f7a1d,pastel.capital,available,8.98,89.98,high,low,6,namecheap,,,08/09/2026 10:04
1dd776a3-c737-4428-9ce4-26fc29fb7779,gallons.capital,available,10.99,71.99,low,low,7,namesilo,,,28/09/2026 23:47
3bb0d292-52aa-4850-897a-2d9c270363a7,ollie.capital,available,10.99,71.99,high,low,5,namesilo,,,29/09/2026 03:12
ab72e4a5-3240-40d9-8fb6-01d9221ebed8,wilkins.capital,available,10.99,71.99,medium,low,7,namesilo,,,25/09/2026 22:55
b8f52f2a-5db8-4fb5-953f-636d0b40110e,twisty.capital,available,8.98,89.98,high,low,6,namecheap,,,11/09/2026 21:54
f4b332bc-d9dc-4fad-b22b-ed261103e27a,inaccurate.capital,available,8.98,89.98,medium,low,10,namecheap,,,22/08/2026 00:09
55816a24-f8f5-48c4-9331-7d377322aafa,kenaf.capital,available,10.99,71.99,medium,low,5,namesilo,,,23/09/2026 16:55
8d18aef7-1982-4c62-831e-1c3eb9843428,viewpoint.capital,available,5.57,59.07,high,low,9,dynadot,,,29/09/2026 20:00
2639b287-6896-4562-a220-b23eae2411a1,twice.capital,available,55.2,55.2,medium,low,5,cloudflare,,,28/09/2026 14:37
bb720123-7f4a-40ee-993b-92528a588f47,lowering.capital,available,8.98,89.98,high,low,8,namecheap,,,25/09/2026 15:28
773f4901-9a1e-40d9-afa2-c88c188f3e1a,erogenous.capital,available,8.98,89.98,medium,low,9,namecheap,,,17/08/2026 12:28
073f193b-6bd7-49a6-91f1-29e6d5b0cd65,trophies.capital,available,7.96,57.13,medium,low,8,spaceship,,,29/09/2026 17:40
8ac3bd19-30e7-489c-8fbf-3e7d62c1575a,petrarch.capital,available,10.99,71.99,medium,low,8,namesilo,,,01/10/2026 02:14
027cdef0-4d43-4aba-a476-5e99724ee6c2,eastbourne.capital,available,10.99,71.99,medium,low,10,namesilo,,,02/10/2026 00:02
af4961b2-edb8-4618-bb2a-f00c94cc533b,ancona.capital,available,10.99,71.99,high,low,6,namesilo,,,30/09/2026 03:22
5e1afe39-d6e1-4e97-96e3-6a4f7e5a2768,excelled.capital,available,10.99,71.99,medium,low,8,namesilo,,,02/10/2026 21:49
777237a1-533e-497e-b367-a2632b08e450,wei.capital,available,10.99,71.99,high,low,3,namesilo,,,25/09/2026 10:59
670609a6-1645-4c24-b493-1e548ca55374,bidding.capital,available,10.99,71.99,high,low,7,namesilo,,,23/09/2026 13:29
f18b8e5e-35b8-45bd-a82b-5772bcd5bc6f,cleland.capital,available,7.96,57.13,medium,low,7,spaceship,,,02/10/2026 09:56
1bd80458-3544-498f-8331-b0d7af154356,kitt.capital,available,10.99,71.99,high,low,4,namesilo,,,03/10/2026 03:13
40927cd4-8231-45ca-8f04-a41d924767b1,unwrapped.capital,available,8.98,89.98,medium,low,9,namecheap,,,12/09/2026 22:53
d14a251c-f23a-4bab-bcf2-d6d9a961d092,upcountry.capital,available,8.98,89.98,medium,low,9,namecheap,,,24/08/2026 22:37
5b7851ca-2541-42d9-aecc-6cca5bb66c04,chromium.capital,available,8.98,89.98,medium,low,8,namecheap,,,20/09/2026 22:39
3be7ae2d-f96b-4ec4-90c1-77c24cb69160,publicist.capital,available,10.99,71.99,high,low,9,namesilo,,,30/09/2026 10:55
2350af4f-28e6-47b3-974f-08973e54a637,furred.capital,available,8.98,89.98,medium,low,6,namecheap,,,18/08/2026 18:52
4326d2f1-856d-42f0-baa0-14f5dbf5680c,announce.capital,available,10.99,71.99,high,low,8,namesilo,,,29/09/2026 22:10
c11968bd-f572-4fb9-a14e-7d5b03cc91e8,repression.capital,available,10.99,71.99,medium,low,10,namesilo,,,01/10/2026 03:28
2c925d76-314f-4b31-bd80-f46110d05b93,bioweapon.capital,available,10.99,71.99,medium,low,9,namesilo,,,23/09/2026 17:40
62b68a07-fb97-4411-a71f-02455b02b942,edson.capital,available,55.2,55.2,medium,low,5,cloudflare,,,30/09/2026 05:36
03b3fa82-6f18-4c85-8e2f-542274d198c9,inhibitor.capital,available,7.96,57.13,high,low,9,spaceship,,,29/09/2026 19:19
b5fed4e8-de8c-4ba6-a12b-6ecdcd5dc31c,rehabilitate.capital,available,7.96,57.13,high,low,12,spaceship,,,02/10/2026 18:06
0c87698a-ed79-4833-948c-ab73903ac374,kurt.capital,available,9.99,92.99,high,low,4,name.com,,,25/09/2026 13:27
3ed01b08-ab71-4fe6-ab25-9a4203a23317,interact.capital,available,55.2,55.2,high,low,8,cloudflare,,,30/09/2026 20:24
c11ae720-55b4-44c1-8fd2-fc40e2c5ef83,langston.capital,available,7.96,57.13,medium,low,8,spaceship,,,29/09/2026 09:59
349d6b27-f3b0-48b2-9008-341ae7bfb031,armenian.capital,available,8.98,89.98,high,low,8,namecheap,,,06/08/2026 19:39
bab07c7e-170b-4970-b760-474a1eebb8fc,cornered.capital,available,8.98,89.98,medium,low,8,namecheap,,,07/08/2026 11:02
84474759-d8ac-4f14-89d0-95f7a5426cfe,blackfoot.capital,available,10.99,71.99,medium,low,9,namesilo,,,24/09/2026 02:17
ad99f8af-6b80-4e46-9b72-49a2acfebbd6,lankan.capital,available,5.66,57.16,medium,low,6,porkbun,,,29/09/2026 09:15
7b303d54-7a08-4fb8-af14-2a59cfdef2c3,spatter.capital,available,8.98,89.98,medium,low,7,namecheap,,,15/09/2026 20:19
27309912-4d35-4f4e-b0d2-a243ab4d558e,chorale.capital,available,8.98,89.98,high,low,7,namecheap,,,12/08/2026 07:04
043d3c7d-82fd-4812-9b7d-b00e65324237,neuter.capital,available,8.98,89.98,medium,low,6,namecheap,,,03/09/2026 16:30
1cb9c99e-2d6a-4e06-9a9f-66a57defcca4,dei.capital,available,7.96,57.13,high,low,3,spaceship,,,02/10/2026 12:27
8b5f7d2f-94cc-4a1e-9817-e1f0f47e059e,ferc.capital,available,55.2,55.2,medium,low,4,cloudflare,,,01/10/2026 07:41
44e4a094-203b-4bd6-acee-b1ce5914baab,snowballs.capital,available,8.98,89.98,medium,low,9,namecheap,,,19/09/2026 21:49
597664c1-bc4d-436e-a786-be489feda11e,beaten.capital,available,8.98,89.98,medium,low,6,namecheap,,,09/08/2026 05:47
e9610721-17f3-47e0-9ec4-fbc8c7db5dae,comrades.capital,available,8.98,89.98,medium,low,8,namecheap,,,28/09/2026 13:07
1fb71b92-f639-4afd-8ddb-da2d58636431,tabu.capital,available,8.98,89.98,high,low,4,namecheap,,,18/08/2026 11:04
ee232a9f-50f8-44b0-8873-3197e4044083,pradesh.capital,available,10.99,71.99,high,low,7,namesilo,,,28/09/2026 03:36
a17c6573-8be0-42b4-96db-d185fea1ba71,yearningly.capital,available,8.98,89.98,medium,low,10,namecheap,,,15/09/2026 12:56
d794b2a2-c1a4-4550-9bfd-c27f65b3067f,prayers.capital,available,10.99,71.99,high,low,7,namesilo,,,18/09/2026 03:21
056bae79-39e6-4e50-bfa8-83bff2ceb87b,efforts.capital,available,55.2,55.2,medium,low,7,cloudflare,,,27/09/2026 22:23
d0cb329a-0a3e-4338-b4d6-bda3c72ca0f7,endogamic.capital,available,8.98,89.98,medium,low,9,namecheap,,,17/08/2026 01:11
e6a07dcd-9145-4f31-a217-e74eca029dfe,impostor.capital,available,8.98,89.98,medium,low,8,namecheap,,,09/09/2026 04:59
c9f170fb-0509-484c-94fa-cf06a3935394,lectured.capital,available,10.99,71.99,low,low,8,namesilo,,,02/10/2026 14:11
42c8b31a-b336-4e54-beb1-0104f4b3a191,galactose.capital,available,10.99,71.99,medium,low,9,namesilo,,,02/10/2026 14:27
b2e77b13-f01e-49b5-9b35-eabc289993e3,psychological.capital,available,8.98,89.98,medium,low,13,namecheap,,,28/09/2026 04:31
09cb80c4-fec9-46fc-8f37-cf2297db7fc3,favored.capital,available,8.98,89.98,high,low,7,namecheap,,,22/09/2026 20:01
7132b10e-2f3c-4ce0-a77e-1f50b8fffc4e,crashed.capital,available,10.99,71.99,low,low,7,namesilo,,,27/09/2026 11:29
1427e29a-1966-4fa7-806d-e5fb6a1023d3,heavy.capital,available,10.99,71.99,high,low,5,namesilo,,,22/09/2026 07:40
dbff7e50-9835-47ed-9ad2-11332a76763a,peaky.capital,available,8.98,89.98,medium,low,5,namecheap,,,08/09/2026 11:10
d0724177-c569-4f4e-ba7d-23aef3494838,vacuous.capital,available,8.98,89.98,low,low,7,namecheap,,,07/08/2026 02:52
9b6d6646-ad82-49ca-bcf3-1810f0b5e627,maggie.capital,available,10.99,71.99,high,low,6,namesilo,,,25/09/2026 11:56
5a78175a-3044-4673-ba33-aa5cff3b8c92,somalian.capital,available,8.98,89.98,medium,low,8,namecheap,,,10/09/2026 13:56
d85a7395-c833-43d2-95b6-62ad894e6643,gardiner.capital,available,10.99,71.99,high,low,8,namesilo,,,25/09/2026 06:17
17734c40-c93a-45d8-8c7d-4ffcc969e94b,gathers.capital,available,10.99,71.99,low,low,7,namesilo,,,02/10/2026 11:58
f3b2e7b6-a2f9-473a-a8d0-2330fa4be856,andante.capital,available,8.98,89.98,medium,low,7,namecheap,,,
3cfed506-d5a9-46f4-be93-263c098fb6d6,shipment.capital,available,10.99,71.99,high,low,8,namesilo,,,24/09/2026 12:59
4404c34b-ad77-4fec-92c1-bc1179443464,lenify.capital,available,8.98,89.98,medium,low,6,namecheap,,,18/08/2026 22:02
688919e4-0ac6-4009-8214-646051399445,surrendering.capital,available,8.98,89.98,medium,low,12,namecheap,,,02/10/2026 07:29
23e90c1d-88f0-45e8-87c0-6fc65efb9c4f,contestant.capital,available,8.98,89.98,medium,low,10,namecheap,,,14/08/2026 12:45
134cb916-6249-4a2f-8f8d-2be1348135b8,upcoming.capital,available,8.98,89.98,high,low,8,namecheap,,,06/08/2026 08:39
0bb5a899-492e-4aed-93d2-d1bdd3726890,engineer.capital,premium,220,220,high,low,8,dynadot,,,02/10/2026 00:13
2ea45fc3-5a29-48e6-b0c5-f41c010260ed,leadless.capital,available,8.98,89.98,medium,low,8,namecheap,,,22/08/2026 21:48
ed808642-876e-4974-a0e4-455413dd512a,termed.capital,available,10.99,71.99,medium,low,6,namesilo,,,19/09/2026 00:21
cee4a7b0-5230-48d9-931e-cbb172978df2,simulate.capital,available,8.98,89.98,high,low,8,namecheap,,,10/09/2026 05:47
6e99e711-dfba-4619-a176-82810150b067,razz.capital,available,10.99,71.99,medium,low,4,namesilo,,,21/09/2026 19:47
60d43b3f-25de-47dd-af9b-173bd2353a8d,sabrina.capital,available,5.66,57.16,medium,low,7,porkbun,,,29/09/2026 04:05
fc7312a5-4bf9-45f1-aa3f-a664d58a2fdf,falter.capital,available,8.98,89.98,high,low,6,namecheap,,,17/08/2026 21:39
8ab820de-21d9-4d82-9922-6a891f7d72b4,dobbs.capital,available,10.99,71.99,medium,low,5,namesilo,,,29/09/2026 10:37
baea9b6e-6545-4d6b-9f53-5039a4803ff6,tread.capital,resell,,,high,low,5,,,,30/09/2026 02:58
1ceaf995-ce45-4d05-8042-8fb970eef7da,locket.capital,available,10.99,71.99,high,low,6,namesilo,,,03/10/2026 01:30
373e5810-fb1a-4174-a324-01282a96b2ee,exist.capital,available,55.2,55.2,high,low,5,cloudflare,,,30/09/2026 19:30
fd2a415e-ab6e-4695-87f3-ef277fce8dd8,gyral.capital,available,8.98,89.98,medium,low,5,namecheap,,,20/08/2026 21:19
d7503ad5-d806-4385-b0ca-bf449239db34,aquaplane.capital,available,10.99,71.99,medium,low,9,namesilo,,,19/09/2026 22:59
25306569-4ebd-424c-bd51-136859d2ef7c,sheeny.capital,available,8.98,89.98,high,low,6,namecheap,,,20/08/2026 14:32
15e51cf8-edcc-47c9-bdcd-6998501cad5f,footballers.capital,available,8.98,89.98,medium,low,11,namecheap,,,20/09/2026 13:07
dbc52de0-3a07-4e91-b813-d4d91084c718,advancement.capital,available,7.96,57.13,high,low,11,spaceship,,,29/09/2026 10:15
83cab093-6ed7-4b03-9aeb-65de95eb972c,sweetness.capital,available,7.96,57.13,high,low,9,spaceship,,,29/09/2026 00:59
d5aff5a7-ead0-4f4e-98c0-dfb7645844a3,animals.capital,available,7.96,57.13,high,low,7,spaceship,,,02/10/2026 16:42
ab49d93f-8ce2-4b86-967c-ccc937f0e982,gentle.capital,available,8.98,89.98,high,low,6,namecheap,,,06/08/2026 19:29
c032a210-0b1b-4d0c-b430-c607de9265e1,branching.capital,available,8.98,89.98,high,low,9,namecheap,,,11/08/2026 02:08
d1c9f7eb-3193-47d0-bfeb-512be41f70d4,haversack.capital,available,10.99,71.99,high,low,9,namesilo,,,21/09/2026 14:43
ab1aef80-256d-4f53-9da5-bd75cbc730f2,taiping.capital,available,7.96,57.13,high,low,7,spaceship,,,01/10/2026 23:31
be8cb4d6-206f-4044-b3e3-2241b1d9d082,perceptual.capital,available,8.98,89.98,high,low,10,namecheap,,,08/09/2026 16:15
265da627-0f2a-4cf2-938b-a9313f1627da,warmth.capital,available,55.2,55.2,high,low,6,cloudflare,,,28/09/2026 11:06
63b8283f-5e87-4340-849c-b9a3ad2b595b,operationally.capital,available,5.57,59.07,medium,low,13,dynadot,,,29/09/2026 17:55
b6a0d101-ccdd-4831-8993-693122dfc9dd,keyhole.capital,available,10.99,71.99,high,low,7,namesilo,,,03/10/2026 01:24
85bb0574-7239-49ca-8a7a-8a562420d563,maimed.capital,available,8.98,89.98,medium,low,6,namecheap,,,24/08/2026 13:20
232f7fb3-6b9e-4dc9-9893-35ba4cf8b208,nightclub.capital,available,5.66,57.16,high,low,9,porkbun,,,29/09/2026 00:18
70823426-4f94-49f8-a29e-e01dc5962bf6,bawl.capital,available,10.99,71.99,medium,low,4,namesilo,,,23/09/2026 06:25
603c7bea-968b-4487-8a8f-fd7e4b2ab778,gdr.capital,available,5.57,59.07,high,low,3,dynadot,,,28/09/2026 07:11
71a7a075-15e0-40b9-9d1f-34cf92ecd020,depressed.capital,available,8.98,89.98,medium,low,9,namecheap,,,14/08/2026 02:43
153ba4b8-19dd-4a57-8e16-fd53113016dc,abysmal.capital,available,8.98,89.98,medium,low,7,namecheap,,,
34356a68-3335-4196-befb-17e83d0c2158,bargello.capital,available,10.99,71.99,medium,low,8,namesilo,,,22/09/2026 05:48
b8b764cf-5341-483e-b9b0-f196ca676e99,medway.capital,available,7.96,57.13,medium,low,6,spaceship,,,30/09/2026 21:37
cf6c844b-efb4-4476-9168-5b0332bd9869,harkness.capital,available,10.99,71.99,medium,low,8,namesilo,,,30/09/2026 05:36
a8a85b43-4ed9-4376-b94a-7c947bbc212d,unready.capital,available,8.98,89.98,medium,low,7,namecheap,,,12/09/2026 17:53
ea7bf8b1-d92a-47b3-bb58-e8aabfc14caa,prolonged.capital,available,8.98,89.98,high,low,9,namecheap,,,14/08/2026 18:34
6cf41857-80e3-4098-b926-f34324d53673,henceforth.capital,available,8.98,89.98,medium,low,10,namecheap,,,15/09/2026 00:15
6df10782-f470-4710-9978-e9cabc8dff5d,brumous.capital,available,8.98,89.98,medium,low,7,namecheap,,,11/08/2026 06:49
331a47ca-0a53-4b8c-8608-5bc9e7165a8e,related.capital,available,10.99,71.99,high,low,7,namesilo,,,19/09/2026 12:07
47914350-18ee-43d2-b821-8c18aefef1b5,abort.capital,available,10.99,71.99,high,low,5,namesilo,,,16/09/2026 16:38
c78619db-bf8e-40f2-86a3-3c0284fa9611,chartless.capital,available,8.98,89.98,medium,low,9,namecheap,,,12/08/2026 02:52
d50b94d2-4395-44e2-91af-1922b2e48627,barstow.capital,available,9.99,92.99,medium,low,7,name.com,,,22/09/2026 08:54
58f97e90-1efe-4edc-bcbc-06d43fb3f8ae,stupefied.capital,available,9.99,92.99,medium,low,9,name.com,,,13/08/2026 18:55
e6697457-9e1b-4704-b0c0-0276abe7bc63,cliff.capital,resell,,,high,low,5,"GoDaddy.com, LLC",12/08/2026 16:55,12/08/2027 16:55,26/09/2026 04:59
274cb5be-32db-4436-91b6-bec837128620,monoatomic.capital,available,8.98,89.98,medium,low,10,namecheap,,,25/08/2026 04:18
1d4fc51d-cab7-4f60-b3e9-53d4dd38d0c3,spike.capital,resell,,,high,low,5,"Sav.com, LLC",24/05/2025 17:08,24/05/2027 17:08,26/09/2026 09:12
874265a4-63ee-4feb-96f4-de28262a22e8,watching.capital,available,10.99,71.99,high,low,8,namesilo,,,30/09/2026 06:02
93530d2d-ddc6-45c0-8f7d-e75d62920545,lamplit.capital,available,8.98,89.98,medium,low,7,namecheap,,,22/08/2026 19:11
9a4da445-a917-4c36-9270-e163c83fa128,presidents.capital,available,10.99,71.99,medium,low,10,namesilo,,,28/09/2026 23:13
0fa83688-360d-44f9-ac85-35d50b391e87,sorority.capital,available,10.99,71.99,high,low,8,namesilo,,,01/10/2026 03:45
271b6ea3-27c1-4808-9844-46d34d7ee832,siam.capital,resell,,,high,low,4,,,,29/09/2026 07:25
da1e4372-003b-4b2c-b475-c6bd89df6cab,doodlebug.capital,available,10.99,71.99,medium,low,9,namesilo,,,19/09/2026 12:18
4f43d4b8-b766-40f0-abee-34d316650af5,chunks.capital,available,10.99,71.99,medium,low,6,namesilo,,,18/09/2026 14:56
abd69b51-6ca1-4aad-96c2-997fde1005ab,mounts.capital,available,10.99,71.99,medium,low,6,namesilo,,,01/10/2026 00:51
d3d55de4-061b-4430-8340-ba8f6ef48229,winkle.capital,available,8.98,89.98,medium,low,6,namecheap,,,18/08/2026 06:48
ce478bc2-ab0b-4957-a766-e0e01e73618b,laban.capital,available,5.57,59.07,high,low,5,dynadot,,,01/10/2026 20:14
0046101b-b35c-49d3-bbcf-58ce390bd697,unclouded.capital,available,8.98,89.98,medium,low,9,namecheap,,,12/08/2026 12:35
b0c33e9f-d3e8-432e-b2ef-fad6b2c0b608,bagatelle.capital,available,8.98,89.98,medium,low,9,namecheap,,,21/09/2026 17:53
fc0db77b-fff1-4558-b9bc-21690fb50616,fit.capital,premium,128.7,128.7,high,medium,3,namecheap,,,24/09/2026 18:48
142a1e8d-606b-467b-b4d6-27bd3d96fdf7,corrode.capital,available,8.98,89.98,medium,low,7,namecheap,,,09/09/2026 20:10
cd8286c0-9ca4-4b5e-9aca-b1f8ad850a4f,beavers.capital,available,55.2,55.2,medium,low,7,cloudflare,,,02/10/2026 22:26
8f89eb89-cd8f-40e4-b4e0-e7a4b3f65e85,terminators.capital,available,8.98,89.98,low,low,11,namecheap,,,20/09/2026 12:06
5a48e8b9-2408-41ae-9893-82016a0bfa0e,unleaded.capital,available,8.98,89.98,high,low,8,namecheap,,,22/08/2026 21:46
058a2ef0-b76f-42fd-9812-fdc5bf92834b,pebbly.capital,available,8.98,89.98,medium,low,6,namecheap,,,20/08/2026 18:47
c73785a9-105f-449d-b30c-7b0aa5df73b8,anhidrosis.capital,available,10.99,71.99,medium,low,10,namesilo,,,19/09/2026 07:47
fbea77c9-5fce-400f-9186-d30cd83574e4,betoken.capital,available,10.99,71.99,medium,low,7,namesilo,,,21/09/2026 03:31
dbed6760-b3ef-4c65-9c83-2b0171a8e880,escapade.capital,available,8.98,89.98,high,low,8,namecheap,,,17/09/2026 10:37
31360476-9850-4c2f-9f4a-fc5e97a73651,assegai.capital,available,10.99,71.99,medium,low,7,namesilo,,,20/09/2026 15:40
61a73b0b-2427-4073-9a57-c5e52e59622d,analects.capital,available,8.98,89.98,medium,low,8,namecheap,,,19/09/2026 01:48
2116a40a-eacd-432f-9625-dcb1c70f4493,banish.capital,available,10.99,71.99,medium,low,6,namesilo,,,24/09/2026 01:57
0928baf2-41d0-4247-a356-31d3e1c074f1,fogged.capital,available,8.98,89.98,medium,low,6,namecheap,,,18/08/2026 09:51
e758b49e-4cfd-453b-a998-04ec2f536f85,meeting.capital,available,10.99,71.99,high,low,7,namesilo,,,02/10/2026 11:39
53dd66dc-cbb8-419c-a28d-ed2314060dfb,alacrity.capital,available,10.99,71.99,high,low,8,namesilo,,,18/09/2026 01:37
a8023dfc-2f73-4505-a790-f0e2bf3f0fe8,grandfathers.capital,available,10.99,71.99,medium,low,12,namesilo,,,20/09/2026 22:52
ba363191-f5e0-4918-8ad4-97d85b71fe7e,pens.capital,available,10.99,71.99,medium,low,4,namesilo,,,20/09/2026 04:15
27d1bd07-36b7-4629-a2d5-05f65721dba6,ewan.capital,available,7.96,57.13,medium,low,4,spaceship,,,02/10/2026 08:57
9c7991f5-f44a-4ef7-8630-4b14d8a4b4bd,memoirs.capital,available,10.99,71.99,medium,low,7,namesilo,,,30/09/2026 06:59
3a543fa4-9f79-46b4-b6e4-b32eef23ccf2,bather.capital,available,10.99,71.99,medium,low,6,namesilo,,,22/09/2026 13:31
d9303da4-cd8b-4710-80a6-9948917b8416,synchronic.capital,available,8.98,89.98,medium,low,10,namecheap,,,11/09/2026 06:15
84f68b2b-e2d5-42b1-8f0f-748fb3f3d4e2,doctorial.capital,available,8.98,89.98,medium,low,9,namecheap,,,14/08/2026 14:21
66dc949f-8e11-4e38-b5c3-424ab12c9a5e,deterrent.capital,available,8.98,89.98,medium,low,9,namecheap,,,14/08/2026 04:48
84e15c97-e01c-42e0-ae42-acede6bc2ad0,bangor.capital,available,10.99,71.99,high,low,6,namesilo,,,22/09/2026 01:58
5ceb4acb-df11-404b-b9d1-23c2b69d59db,aficionado.capital,available,8.98,89.98,high,low,10,namecheap,,,17/09/2026 15:01
d9c77d2c-19ee-40ec-acdb-3be1abcff8da,fluke.capital,available,8.98,89.98,medium,low,5,namecheap,,,01/10/2026 02:12
47d4b5b4-5b6b-413f-bf56-3d3734a43539,dusts.capital,available,10.99,71.99,low,low,5,namesilo,,,21/09/2026 01:44
79165dad-b713-4bb2-ad3c-8b33e7eae273,specification.capital,available,10.99,71.99,high,low,13,namesilo,,,03/10/2026 05:56
a0e8f3f9-f6c1-4c35-8b7e-1ce6e07cbed4,slanting.capital,available,8.98,89.98,medium,low,8,namecheap,,,07/08/2026 04:20
fbe1bb02-0d48-458f-a3af-21a69b7d2799,stoke.capital,resell,,,high,low,5,,,,01/10/2026 22:13
3f83bdb5-011f-4511-9a51-28a36e63b47b,occurred.capital,available,8.98,89.98,medium,low,8,namecheap,,,18/09/2026 13:50
196662d3-c87d-49cc-99cc-a25852123304,pending.capital,available,8.98,89.98,high,low,7,namecheap,,,27/09/2026 03:20
d7f2946e-d145-4465-bcfd-8c269ee4d958,untaped.capital,available,8.98,89.98,low,low,7,namecheap,,,12/09/2026 10:16
203df9f4-4895-4845-98c3-a5810690920d,rubidium.capital,available,10.99,71.99,medium,low,8,namesilo,,,20/09/2026 22:58
678288f6-dfa5-4039-8888-8cc64e3202ad,weser.capital,available,7.96,57.13,high,low,5,spaceship,,,02/10/2026 17:08
cf245f0f-8ce6-4656-93e5-fe7bbf20313e,frown.capital,available,55.2,55.2,high,low,5,cloudflare,,,02/10/2026 04:58
5a3b22f4-e320-4b8c-a2cb-bf4bcff8b192,membrane.capital,available,7.96,57.13,high,low,8,spaceship,,,29/09/2026 07:36
18526e6a-37bb-44ef-ab05-aa5392b7ea2d,jailed.capital,available,10.99,71.99,medium,low,6,namesilo,,,19/09/2026 04:16
195ec2b1-fcc3-4eef-84f1-d0825b723c98,disused.capital,available,8.98,89.98,medium,low,7,namecheap,,,14/08/2026 13:28
48bb5bd3-e787-402c-b12a-a54d4a48d786,belting.capital,available,8.98,89.98,high,low,7,namecheap,,,23/09/2026 07:06
0ae67e11-2a1f-47a7-a64c-b6108db9068d,fined.capital,available,7.96,57.13,medium,low,5,spaceship,,,30/09/2026 15:19
635996a0-1b4e-4d99-a342-41faf4308939,zimmerman.capital,available,10.99,71.99,high,low,9,namesilo,,,27/09/2026 20:41
7323166e-b7be-482d-81e5-fb7343e5a1d4,behaviours.capital,available,8.98,89.98,medium,low,10,namecheap,,,20/09/2026 22:06
d57c77df-b87e-4be9-a4e6-a6ae5b6b6db9,brutal.capital,available,8.98,89.98,medium,low,6,namecheap,,,08/08/2026 15:45
901ccfd2-39b8-4b5e-ae4e-91f4ca6a5132,swedish.capital,premium,242,242,high,low,7,namesilo,,,11/09/2026 05:29
50e17f8f-fef0-4ce7-9bfa-ebd23a3f5a21,papers.capital,available,10.99,71.99,high,low,6,namesilo,,,24/09/2026 23:21
99edccdf-4be6-4f62-8f5f-aa0542014e02,tse.capital,premium,102.67,102.67,high,low,3,spaceship,,,29/09/2026 09:12
1b6e4890-6188-4a1d-8ac9-1468d29ff4fe,coastward.capital,available,8.98,89.98,medium,low,9,namecheap,,,14/09/2026 07:23
a9f83226-e967-4d2d-bc72-3aa452590ea3,ding.capital,available,55.2,55.2,medium,low,4,cloudflare,,,28/09/2026 14:30
3bdd2707-8e20-4fca-85ec-ff25766bc208,munson.capital,available,8.98,89.98,medium,low,6,namecheap,,,29/09/2026 15:48
29dcaa99-1b20-4c20-aaf1-f7dab559e7e8,unsorted.capital,available,8.98,89.98,medium,low,8,namecheap,,,12/09/2026 04:50
2c4bf53e-923b-4691-a1b3-55675685d7ab,aflatoxin.capital,available,10.99,71.99,medium,low,9,namesilo,,,17/09/2026 15:06
fd4545e8-7f37-426e-9549-9fae754cea9b,crushed.capital,available,8.98,89.98,high,low,7,namecheap,,,13/08/2026 09:11
dfb75e9b-d59d-4ce7-9212-e3029969ba16,grands.capital,available,10.99,71.99,medium,low,6,namesilo,,,20/09/2026 04:57
3ef1f605-f286-4353-818a-cfa501166b74,tomboys.capital,available,10.99,71.99,low,low,7,namesilo,,,20/09/2026 23:15
79f56e06-aa84-4a56-bef5-011ca49c8705,cleanser.capital,available,10.99,71.99,high,low,8,namesilo,,,24/09/2026 15:26
abd49654-298c-486b-ae53-2ac50931ffc5,luscious.capital,available,8.98,89.98,high,low,8,namecheap,,,14/08/2026 00:22
e1b480d5-1ca4-41df-b8df-fb2925e87afe,experient.capital,available,8.98,89.98,medium,low,9,namecheap,,,17/08/2026 18:12
72dadc7d-4e85-43a2-bca9-b9689b650dcc,locating.capital,available,8.98,89.98,high,low,8,namecheap,,,09/09/2026 00:10
6d384412-c3ad-492a-9a46-b4babf7c0b40,manuscripts.capital,available,55.2,55.2,medium,low,11,cloudflare,,,01/10/2026 13:13
8b69a494-6b70-478f-a184-d4aa72388095,practically.capital,available,10.99,71.99,medium,low,11,namesilo,,,25/09/2026 11:39
2c66e010-e580-4681-897f-4ecc44446606,automatic.capital,resell,,,high,low,9,"GoDaddy.com, LLC",16/04/2025 02:54,16/04/2027 02:54,26/09/2026 04:09
c555cc88-3279-4b30-9667-13d4cab96741,bazooka.capital,available,8.98,89.98,high,low,7,namecheap,,,22/09/2026 18:25
f3e7bd87-d7fd-4c54-9998-ad42c08d6ad3,blithe.capital,available,8.98,89.98,high,low,6,namecheap,,,10/08/2026 14:37
dccc3e01-726c-4ca4-b943-770dc148e864,jaws.capital,available,7.96,57.13,medium,low,4,spaceship,,,28/09/2026 22:10
3ed39085-cef2-4695-b9fa-6f816b76ac06,lengths.capital,available,10.99,71.99,low,low,7,namesilo,,,29/09/2026 05:45
df5a8039-f79f-43d2-b39c-10c13e01cd88,unspoilt.capital,available,8.98,89.98,medium,low,8,namecheap,,,12/09/2026 07:10
ef5aea0b-3d72-4d6b-a9a3-8fa9954187ac,phony.capital,resell,,,medium,low,5,Porkbun LLC,13/05/2020 17:05,13/05/2030 17:05,26/09/2026 08:08
0deb65e9-5515-4772-bfb3-e64a09791f48,gracile.capital,available,8.98,89.98,medium,low,7,namecheap,,,20/08/2026 17:29
ab53b8d6-45a1-4c5e-8039-a870f29f9475,frothing.capital,available,8.98,89.98,medium,low,8,namecheap,,,18/08/2026 09:42
e5c42165-a037-4dac-928b-490b971f7823,leeds.capital,available,55.2,55.2,high,low,5,cloudflare,,,29/09/2026 13:17
fe6ef58f-9031-482d-95b7-9cf00de52761,moony.capital,available,8.98,89.98,medium,low,5,namecheap,,,14/08/2026 18:50
59fe28a9-cfe3-4d24-8f34-e025c74212a1,marie.capital,available,10.99,71.99,high,low,5,namesilo,,,25/09/2026 17:44
955e1ee8-de8c-44a0-b714-9c3d0920fc55,biker.capital,available,10.99,71.99,high,low,5,namesilo,,,01/10/2026 22:31
8fdc4091-a578-48cb-b776-bddd66e44188,eucharistic.capital,available,7.96,57.13,medium,low,11,spaceship,,,30/09/2026 11:39
7526947c-ccf6-4923-be5c-d7b9f56febac,itchy.capital,available,8.98,89.98,medium,low,5,namecheap,,,05/08/2026 20:43
e04ab7b2-a6a9-4cb5-a5f9-0248c2941380,trials.capital,available,10.99,71.99,medium,low,6,namesilo,,,18/09/2026 17:43
09c56f06-4151-43de-85e1-2a17c50da521,cocks.capital,available,8.98,89.98,medium,low,5,namecheap,,,18/09/2026 23:39
abfb3b62-7113-4512-9daa-e4b906004980,kissinger.capital,available,7.96,57.13,medium,low,9,spaceship,,,28/09/2026 10:01
dfaa4d50-dfe8-4a57-a7ff-7d7659aa3fbe,dismissive.capital,available,8.98,89.98,medium,low,10,namecheap,,,14/08/2026 11:49
d7baf7a1-9773-4249-8eed-6d80728a26be,ashen.capital,available,,,medium,low,5,,,,
ff955686-602b-4b87-969d-86a140ddb070,unceasing.capital,available,8.98,89.98,medium,low,9,namecheap,,,
4d993cf3-3508-4cb4-8cb1-7df12dc58ab7,wrongful.capital,available,55.2,55.2,medium,low,8,cloudflare,,,28/09/2026 11:11
f6ea1447-c431-4fa9-99ef-f15712cd7c5f,christiansen.capital,available,10.99,71.99,medium,low,12,namesilo,,,30/09/2026 13:39
c5a1699a-4297-419c-a3b4-e4aca9c9b486,ulysses.capital,available,7.96,57.13,medium,low,7,spaceship,,,30/09/2026 11:15
84947474-5db4-48c8-8b3f-8241b5232354,ppe.capital,available,10.99,71.99,high,low,3,namesilo,,,02/10/2026 12:28
08a6d6b0-da79-43ec-a390-791911081433,cognizance.capital,available,10.99,71.99,high,low,10,namesilo,,,21/09/2026 09:59
be4d8215-7ea9-41ad-a9db-b268429dbb52,midget.capital,available,8.98,89.98,high,low,6,namecheap,,,08/08/2026 14:19
f2427b6d-de8b-40f3-9978-c505d6aa3ccc,auvergne.capital,available,10.99,71.99,medium,low,8,namesilo,,,21/09/2026 08:32
f8f0b1da-5599-4d3d-9eaa-17873fca4cd6,hester.capital,available,5.66,57.16,medium,low,6,porkbun,,,28/09/2026 03:59
913edb29-0e22-4e0a-b25e-2b529b3d0614,eminem.capital,available,55.2,55.2,high,low,6,cloudflare,,,03/10/2026 04:12
2cd9010b-a130-4ec3-91af-5c3146192d9b,considerably.capital,available,8.98,89.98,medium,low,12,namecheap,,,29/09/2026 14:23
7869fd21-2504-4085-9778-b28b14b930d5,help.capital,premium,78.54,78.54,high,medium,4,namesilo,,,29/09/2026 10:04
a0bf5295-7e27-4269-b6cd-b9be0d125f9e,giver.capital,available,10.99,71.99,high,low,5,namesilo,,,23/09/2026 10:44
c9fdb4be-3435-4777-900d-2305038e8a56,goddamned.capital,available,8.98,89.98,medium,low,9,namecheap,,,10/08/2026 12:48
01f35fe3-048b-4d29-b4c9-40705f7ab50b,ataxia.capital,available,9.99,92.99,medium,low,6,name.com,,,20/09/2026 19:46
8685031d-e813-473e-a219-8c71ee59e344,anise.capital,available,10.99,71.99,high,low,5,namesilo,,,19/09/2026 09:24
903eef6d-3fe3-40b8-ba61-72f6b9e82832,xciv.capital,available,8.98,89.98,medium,low,4,namecheap,,,
95f8f811-58e9-437e-bca6-c83f9d7ee417,osama.capital,available,10.99,71.99,medium,low,5,namesilo,,,29/09/2026 22:16
52024d83-7b46-406e-a5bc-0030fb2b2344,canine.capital,available,8.98,89.98,high,low,6,namecheap,,,11/08/2026 16:56
742effe0-ee63-48e3-b8c9-3c599059e886,inglewood.capital,available,8.98,89.98,medium,low,9,namecheap,,,30/09/2026 13:40